========= COMPUTE-SANITIZER
========= Invalid __global__ write of size 4 bytes
=========     at void quantize_mmq_q8_1<(mmq_q8_1_ds_layout)0, (bool)1>(const float *, const int *, void *, long long, long long, long long, long long, long long, int, int, int)+0x800
=========     by thread (32,0,0) in block (42,1,0)
=========     Access to 0x2fd1df6760 is out of bounds
=========     and is 145,246,611,297 bytes after the nearest allocation at 0xe00600000 of size 2,097,152 bytes
=========     Saved host backtrace up to driver entry point at kernel launch time
=========         Host Frame: cuLaunchKernel [0x7ffc276fd9e8] in nvcuda64.dll
=========         Host Frame:  [0xdc5e] in nvcudart_hybrid64.dll
=========         Host Frame: _cudaGetProcAddress [0x7ffc204e4f73] in nvcudart_hybrid64.dll
=========         Host Frame: _cudaGetProcAddress [0x7ffc204a8121] in nvcudart_hybrid64.dll
=========         Host Frame: ggml_backend_is_cuda [0x7ffb3a91900a] in ggml-cuda.dll
=========         Host Frame: ggml_backend_is_cuda [0x7ffb3a0e8bfb] in ggml-cuda.dll
=========         Host Frame: ggml_backend_is_cuda [0x7ffb3a0ea082] in ggml-cuda.dll
=========         Host Frame: ggml_backend_is_cuda [0x7ffb3a01169f] in ggml-cuda.dll
=========         Host Frame:  [0x12ac88] in ggml-cuda.dll
=========         Host Frame:  [0x1271e5] in ggml-cuda.dll
=========         Host Frame:  [0x1288a3] in ggml-cuda.dll
=========         Host Frame:  [0x118224] in ggml-cuda.dll
=========         Host Frame: ggml_tallocr_new [0x7ffc826d6968] in ggml-base.dll
=========         Host Frame: llama_set_nextn_layer_offset [0x7ffc219a68b9] in llama.dll
=========         Host Frame: llama_chat_builtin_templates [0x7ffc219a1026] in llama.dll
=========         Host Frame: llama_decode [0x7ffc219a914b] in llama.dll
=========         Host Frame: time [0x7ffb88220920] in llama-server-impl.dll
=========         Host Frame: time [0x7ffb88235dfe] in llama-server-impl.dll
=========         Host Frame: time [0x7ffb8827f5a5] in llama-server-impl.dll
=========         Host Frame: llama_server [0x7ffb8818cf5b] in llama-server-impl.dll
=========         Host Frame: std::thread::_Invoke<std::tuple<<lambda_3c4c967af51188f9751dc8f760a540d5> >,0> [0x7ffc2f566140] in llama-cli-impl.dll
=========         Host Frame: wcsrchr [0x7ffcb934cd30] in ucrtbase.dll
=========         Host Frame: BaseThreadInitThunk [0x7ffcb9c8ccb7] in KERNEL32.DLL
=========         Host Frame: RtlUserThreadStart [0x7ffcbbfcad6c] in ntdll.dll
========= 
========= Invalid __global__ write of size 4 bytes
=========     at void quantize_mmq_q8_1<(mmq_q8_1_ds_layout)0, (bool)1>(const float *, const int *, void *, long long, long long, long long, long long, long long, int, int, int)+0x800
=========     by thread (33,0,0) in block (42,1,0)
=========     Access to 0x2fd1df6764 is out of bounds
=========     and is 145,246,611,301 bytes after the nearest allocation at 0xe00600000 of size 2,097,152 bytes
=========     Saved host backtrace up to driver entry point at kernel launch time
=========         Host Frame: cuLaunchKernel [0x7ffc276fd9e8] in nvcuda64.dll
=========         Host Frame:  [0xdc5e] in nvcudart_hybrid64.dll
=========         Host Frame: _cudaGetProcAddress [0x7ffc204e4f73] in nvcudart_hybrid64.dll
=========         Host Frame: _cudaGetProcAddress [0x7ffc204a8121] in nvcudart_hybrid64.dll
=========         Host Frame: ggml_backend_is_cuda [0x7ffb3a91900a] in ggml-cuda.dll
=========         Host Frame: ggml_backend_is_cuda [0x7ffb3a0e8bfb] in ggml-cuda.dll
=========         Host Frame: ggml_backend_is_cuda [0x7ffb3a0ea082] in ggml-cuda.dll
=========         Host Frame: ggml_backend_is_cuda [0x7ffb3a01169f] in ggml-cuda.dll
=========         Host Frame:  [0x12ac88] in ggml-cuda.dll
=========         Host Frame:  [0x1271e5] in ggml-cuda.dll
=========         Host Frame:  [0x1288a3] in ggml-cuda.dll
=========         Host Frame:  [0x118224] in ggml-cuda.dll
=========         Host Frame: ggml_tallocr_new [0x7ffc826d6968] in ggml-base.dll
=========         Host Frame: llama_set_nextn_layer_offset [0x7ffc219a68b9] in llama.dll
=========         Host Frame: llama_chat_builtin_templates [0x7ffc219a1026] in llama.dll
=========         Host Frame: llama_decode [0x7ffc219a914b] in llama.dll
=========         Host Frame: time [0x7ffb88220920] in llama-server-impl.dll
=========         Host Frame: time [0x7ffb88235dfe] in llama-server-impl.dll
=========         Host Frame: time [0x7ffb8827f5a5] in llama-server-impl.dll
=========         Host Frame: llama_server [0x7ffb8818cf5b] in llama-server-impl.dll
=========         Host Frame: std::thread::_Invoke<std::tuple<<lambda_3c4c967af51188f9751dc8f760a540d5> >,0> [0x7ffc2f566140] in llama-cli-impl.dll
=========         Host Frame: wcsrchr [0x7ffcb934cd30] in ucrtbase.dll
=========         Host Frame: BaseThreadInitThunk [0x7ffcb9c8ccb7] in KERNEL32.DLL
=========         Host Frame: RtlUserThreadStart [0x7ffcbbfcad6c] in ntdll.dll
========= 
========= Invalid __global__ write of size 4 bytes
=========     at void quantize_mmq_q8_1<(mmq_q8_1_ds_layout)0, (bool)1>(const float *, const int *, void *, long long, long long, long long, long long, long long, int, int, int)+0x800
=========     by thread (34,0,0) in block (42,1,0)
=========     Access to 0x2fd1df6768 is out of bounds
=========     and is 145,246,611,305 bytes after the nearest allocation at 0xe00600000 of size 2,097,152 bytes
=========     Saved host backtrace up to driver entry point at kernel launch time
=========         Host Frame: cuLaunchKernel [0x7ffc276fd9e8] in nvcuda64.dll
=========         Host Frame:  [0xdc5e] in nvcudart_hybrid64.dll
=========         Host Frame: _cudaGetProcAddress [0x7ffc204e4f73] in nvcudart_hybrid64.dll
=========         Host Frame: _cudaGetProcAddress [0x7ffc204a8121] in nvcudart_hybrid64.dll
=========         Host Frame: ggml_backend_is_cuda [0x7ffb3a91900a] in ggml-cuda.dll
=========         Host Frame: ggml_backend_is_cuda [0x7ffb3a0e8bfb] in ggml-cuda.dll
=========         Host Frame: ggml_backend_is_cuda [0x7ffb3a0ea082] in ggml-cuda.dll
=========         Host Frame: ggml_backend_is_cuda [0x7ffb3a01169f] in ggml-cuda.dll
=========         Host Frame:  [0x12ac88] in ggml-cuda.dll
=========         Host Frame:  [0x1271e5] in ggml-cuda.dll
=========         Host Frame:  [0x1288a3] in ggml-cuda.dll
=========         Host Frame:  [0x118224] in ggml-cuda.dll
=========         Host Frame: ggml_tallocr_new [0x7ffc826d6968] in ggml-base.dll
=========         Host Frame: llama_set_nextn_layer_offset [0x7ffc219a68b9] in llama.dll
=========         Host Frame: llama_chat_builtin_templates [0x7ffc219a1026] in llama.dll
=========         Host Frame: llama_decode [0x7ffc219a914b] in llama.dll
=========         Host Frame: time [0x7ffb88220920] in llama-server-impl.dll
=========         Host Frame: time [0x7ffb88235dfe] in llama-server-impl.dll
=========         Host Frame: time [0x7ffb8827f5a5] in llama-server-impl.dll
=========         Host Frame: llama_server [0x7ffb8818cf5b] in llama-server-impl.dll
=========         Host Frame: std::thread::_Invoke<std::tuple<<lambda_3c4c967af51188f9751dc8f760a540d5> >,0> [0x7ffc2f566140] in llama-cli-impl.dll
=========         Host Frame: wcsrchr [0x7ffcb934cd30] in ucrtbase.dll
=========         Host Frame: BaseThreadInitThunk [0x7ffcb9c8ccb7] in KERNEL32.DLL
=========         Host Frame: RtlUserThreadStart [0x7ffcbbfcad6c] in ntdll.dll
========= 
========= Invalid __global__ write of size 4 bytes
=========     at void quantize_mmq_q8_1<(mmq_q8_1_ds_layout)0, (bool)1>(const float *, const int *, void *, long long, long long, long long, long long, long long, int, int, int)+0x800
=========     by thread (35,0,0) in block (42,1,0)
=========     Access to 0x2fd1df676c is out of bounds
=========     and is 145,246,611,309 bytes after the nearest allocation at 0xe00600000 of size 2,097,152 bytes
=========     Saved host backtrace up to driver entry point at kernel launch time
=========         Host Frame: cuLaunchKernel [0x7ffc276fd9e8] in nvcuda64.dll
=========         Host Frame:  [0xdc5e] in nvcudart_hybrid64.dll
=========         Host Frame: _cudaGetProcAddress [0x7ffc204e4f73] in nvcudart_hybrid64.dll
=========         Host Frame: _cudaGetProcAddress [0x7ffc204a8121] in nvcudart_hybrid64.dll
=========         Host Frame: ggml_backend_is_cuda [0x7ffb3a91900a] in ggml-cuda.dll
=========         Host Frame: ggml_backend_is_cuda [0x7ffb3a0e8bfb] in ggml-cuda.dll
=========         Host Frame: ggml_backend_is_cuda [0x7ffb3a0ea082] in ggml-cuda.dll
=========         Host Frame: ggml_backend_is_cuda [0x7ffb3a01169f] in ggml-cuda.dll
=========         Host Frame:  [0x12ac88] in ggml-cuda.dll
=========         Host Frame:  [0x1271e5] in ggml-cuda.dll
=========         Host Frame:  [0x1288a3] in ggml-cuda.dll
=========         Host Frame:  [0x118224] in ggml-cuda.dll
=========         Host Frame: ggml_tallocr_new [0x7ffc826d6968] in ggml-base.dll
=========         Host Frame: llama_set_nextn_layer_offset [0x7ffc219a68b9] in llama.dll
=========         Host Frame: llama_chat_builtin_templates [0x7ffc219a1026] in llama.dll
=========         Host Frame: llama_decode [0x7ffc219a914b] in llama.dll
=========         Host Frame: time [0x7ffb88220920] in llama-server-impl.dll
=========         Host Frame: time [0x7ffb88235dfe] in llama-server-impl.dll
=========         Host Frame: time [0x7ffb8827f5a5] in llama-server-impl.dll
=========         Host Frame: llama_server [0x7ffb8818cf5b] in llama-server-impl.dll
=========         Host Frame: std::thread::_Invoke<std::tuple<<lambda_3c4c967af51188f9751dc8f760a540d5> >,0> [0x7ffc2f566140] in llama-cli-impl.dll
=========         Host Frame: wcsrchr [0x7ffcb934cd30] in ucrtbase.dll
=========         Host Frame: BaseThreadInitThunk [0x7ffcb9c8ccb7] in KERNEL32.DLL
=========         Host Frame: RtlUserThreadStart [0x7ffcbbfcad6c] in ntdll.dll
========= 
========= Invalid __global__ write of size 4 bytes
=========     at void quantize_mmq_q8_1<(mmq_q8_1_ds_layout)0, (bool)1>(const float *, const int *, void *, long long, long long, long long, long long, long long, int, int, int)+0x800
=========     by thread (36,0,0) in block (42,1,0)
=========     Access to 0x2fd1df6770 is out of bounds
=========     and is 145,246,611,313 bytes after the nearest allocation at 0xe00600000 of size 2,097,152 bytes
=========     Saved host backtrace up to driver entry point at kernel launch time
=========         Host Frame: cuLaunchKernel [0x7ffc276fd9e8] in nvcuda64.dll
=========         Host Frame:  [0xdc5e] in nvcudart_hybrid64.dll
=========         Host Frame: _cudaGetProcAddress [0x7ffc204e4f73] in nvcudart_hybrid64.dll
=========         Host Frame: _cudaGetProcAddress [0x7ffc204a8121] in nvcudart_hybrid64.dll
=========         Host Frame: ggml_backend_is_cuda [0x7ffb3a91900a] in ggml-cuda.dll
=========         Host Frame: ggml_backend_is_cuda [0x7ffb3a0e8bfb] in ggml-cuda.dll
=========         Host Frame: ggml_backend_is_cuda [0x7ffb3a0ea082] in ggml-cuda.dll
=========         Host Frame: ggml_backend_is_cuda [0x7ffb3a01169f] in ggml-cuda.dll
=========         Host Frame:  [0x12ac88] in ggml-cuda.dll
=========         Host Frame:  [0x1271e5] in ggml-cuda.dll
=========         Host Frame:  [0x1288a3] in ggml-cuda.dll
=========         Host Frame:  [0x118224] in ggml-cuda.dll
=========         Host Frame: ggml_tallocr_new [0x7ffc826d6968] in ggml-base.dll
=========         Host Frame: llama_set_nextn_layer_offset [0x7ffc219a68b9] in llama.dll
=========         Host Frame: llama_chat_builtin_templates [0x7ffc219a1026] in llama.dll
=========         Host Frame: llama_decode [0x7ffc219a914b] in llama.dll
=========         Host Frame: time [0x7ffb88220920] in llama-server-impl.dll
=========         Host Frame: time [0x7ffb88235dfe] in llama-server-impl.dll
=========         Host Frame: time [0x7ffb8827f5a5] in llama-server-impl.dll
=========         Host Frame: llama_server [0x7ffb8818cf5b] in llama-server-impl.dll
=========         Host Frame: std::thread::_Invoke<std::tuple<<lambda_3c4c967af51188f9751dc8f760a540d5> >,0> [0x7ffc2f566140] in llama-cli-impl.dll
=========         Host Frame: wcsrchr [0x7ffcb934cd30] in ucrtbase.dll
=========         Host Frame: BaseThreadInitThunk [0x7ffcb9c8ccb7] in KERNEL32.DLL
=========         Host Frame: RtlUserThreadStart [0x7ffcbbfcad6c] in ntdll.dll
========= 
========= Invalid __global__ write of size 4 bytes
=========     at void quantize_mmq_q8_1<(mmq_q8_1_ds_layout)0, (bool)1>(const float *, const int *, void *, long long, long long, long long, long long, long long, int, int, int)+0x800
=========     by thread (37,0,0) in block (42,1,0)
=========     Access to 0x2fd1df6774 is out of bounds
=========     and is 145,246,611,317 bytes after the nearest allocation at 0xe00600000 of size 2,097,152 bytes
=========     Saved host backtrace up to driver entry point at kernel launch time
=========         Host Frame: cuLaunchKernel [0x7ffc276fd9e8] in nvcuda64.dll
=========         Host Frame:  [0xdc5e] in nvcudart_hybrid64.dll
=========         Host Frame: _cudaGetProcAddress [0x7ffc204e4f73] in nvcudart_hybrid64.dll
=========         Host Frame: _cudaGetProcAddress [0x7ffc204a8121] in nvcudart_hybrid64.dll
=========         Host Frame: ggml_backend_is_cuda [0x7ffb3a91900a] in ggml-cuda.dll
=========         Host Frame: ggml_backend_is_cuda [0x7ffb3a0e8bfb] in ggml-cuda.dll
=========         Host Frame: ggml_backend_is_cuda [0x7ffb3a0ea082] in ggml-cuda.dll
=========         Host Frame: ggml_backend_is_cuda [0x7ffb3a01169f] in ggml-cuda.dll
=========         Host Frame:  [0x12ac88] in ggml-cuda.dll
=========         Host Frame:  [0x1271e5] in ggml-cuda.dll
=========         Host Frame:  [0x1288a3] in ggml-cuda.dll
=========         Host Frame:  [0x118224] in ggml-cuda.dll
=========         Host Frame: ggml_tallocr_new [0x7ffc826d6968] in ggml-base.dll
=========         Host Frame: llama_set_nextn_layer_offset [0x7ffc219a68b9] in llama.dll
=========         Host Frame: llama_chat_builtin_templates [0x7ffc219a1026] in llama.dll
=========         Host Frame: llama_decode [0x7ffc219a914b] in llama.dll
=========         Host Frame: time [0x7ffb88220920] in llama-server-impl.dll
=========         Host Frame: time [0x7ffb88235dfe] in llama-server-impl.dll
=========         Host Frame: time [0x7ffb8827f5a5] in llama-server-impl.dll
=========         Host Frame: llama_server [0x7ffb8818cf5b] in llama-server-impl.dll
=========         Host Frame: std::thread::_Invoke<std::tuple<<lambda_3c4c967af51188f9751dc8f760a540d5> >,0> [0x7ffc2f566140] in llama-cli-impl.dll
=========         Host Frame: wcsrchr [0x7ffcb934cd30] in ucrtbase.dll
=========         Host Frame: BaseThreadInitThunk [0x7ffcb9c8ccb7] in KERNEL32.DLL
=========         Host Frame: RtlUserThreadStart [0x7ffcbbfcad6c] in ntdll.dll
========= 
========= Invalid __global__ write of size 4 bytes
=========     at void quantize_mmq_q8_1<(mmq_q8_1_ds_layout)0, (bool)1>(const float *, const int *, void *, long long, long long, long long, long long, long long, int, int, int)+0x800
=========     by thread (38,0,0) in block (42,1,0)
=========     Access to 0x2fd1df6778 is out of bounds
=========     and is 145,246,611,321 bytes after the nearest allocation at 0xe00600000 of size 2,097,152 bytes
=========     Saved host backtrace up to driver entry point at kernel launch time
=========         Host Frame: cuLaunchKernel [0x7ffc276fd9e8] in nvcuda64.dll
=========         Host Frame:  [0xdc5e] in nvcudart_hybrid64.dll
=========         Host Frame: _cudaGetProcAddress [0x7ffc204e4f73] in nvcudart_hybrid64.dll
=========         Host Frame: _cudaGetProcAddress [0x7ffc204a8121] in nvcudart_hybrid64.dll
=========         Host Frame: ggml_backend_is_cuda [0x7ffb3a91900a] in ggml-cuda.dll
=========         Host Frame: ggml_backend_is_cuda [0x7ffb3a0e8bfb] in ggml-cuda.dll
=========         Host Frame: ggml_backend_is_cuda [0x7ffb3a0ea082] in ggml-cuda.dll
=========         Host Frame: ggml_backend_is_cuda [0x7ffb3a01169f] in ggml-cuda.dll
=========         Host Frame:  [0x12ac88] in ggml-cuda.dll
=========         Host Frame:  [0x1271e5] in ggml-cuda.dll
=========         Host Frame:  [0x1288a3] in ggml-cuda.dll
=========         Host Frame:  [0x118224] in ggml-cuda.dll
=========         Host Frame: ggml_tallocr_new [0x7ffc826d6968] in ggml-base.dll
=========         Host Frame: llama_set_nextn_layer_offset [0x7ffc219a68b9] in llama.dll
=========         Host Frame: llama_chat_builtin_templates [0x7ffc219a1026] in llama.dll
=========         Host Frame: llama_decode [0x7ffc219a914b] in llama.dll
=========         Host Frame: time [0x7ffb88220920] in llama-server-impl.dll
=========         Host Frame: time [0x7ffb88235dfe] in llama-server-impl.dll
=========         Host Frame: time [0x7ffb8827f5a5] in llama-server-impl.dll
=========         Host Frame: llama_server [0x7ffb8818cf5b] in llama-server-impl.dll
=========         Host Frame: std::thread::_Invoke<std::tuple<<lambda_3c4c967af51188f9751dc8f760a540d5> >,0> [0x7ffc2f566140] in llama-cli-impl.dll
=========         Host Frame: wcsrchr [0x7ffcb934cd30] in ucrtbase.dll
=========         Host Frame: BaseThreadInitThunk [0x7ffcb9c8ccb7] in KERNEL32.DLL
=========         Host Frame: RtlUserThreadStart [0x7ffcbbfcad6c] in ntdll.dll
========= 
========= Invalid __global__ write of size 4 bytes
=========     at void quantize_mmq_q8_1<(mmq_q8_1_ds_layout)0, (bool)1>(const float *, const int *, void *, long long, long long, long long, long long, long long, int, int, int)+0x800
=========     by thread (39,0,0) in block (42,1,0)
=========     Access to 0x2fd1df677c is out of bounds
=========     and is 145,246,611,325 bytes after the nearest allocation at 0xe00600000 of size 2,097,152 bytes
=========     Saved host backtrace up to driver entry point at kernel launch time
=========         Host Frame: cuLaunchKernel [0x7ffc276fd9e8] in nvcuda64.dll
=========         Host Frame:  [0xdc5e] in nvcudart_hybrid64.dll
=========         Host Frame: _cudaGetProcAddress [0x7ffc204e4f73] in nvcudart_hybrid64.dll
=========         Host Frame: _cudaGetProcAddress [0x7ffc204a8121] in nvcudart_hybrid64.dll
=========         Host Frame: ggml_backend_is_cuda [0x7ffb3a91900a] in ggml-cuda.dll
=========         Host Frame: ggml_backend_is_cuda [0x7ffb3a0e8bfb] in ggml-cuda.dll
=========         Host Frame: ggml_backend_is_cuda [0x7ffb3a0ea082] in ggml-cuda.dll
=========         Host Frame: ggml_backend_is_cuda [0x7ffb3a01169f] in ggml-cuda.dll
=========         Host Frame:  [0x12ac88] in ggml-cuda.dll
=========         Host Frame:  [0x1271e5] in ggml-cuda.dll
=========         Host Frame:  [0x1288a3] in ggml-cuda.dll
=========         Host Frame:  [0x118224] in ggml-cuda.dll
=========         Host Frame: ggml_tallocr_new [0x7ffc826d6968] in ggml-base.dll
=========         Host Frame: llama_set_nextn_layer_offset [0x7ffc219a68b9] in llama.dll
=========         Host Frame: llama_chat_builtin_templates [0x7ffc219a1026] in llama.dll
=========         Host Frame: llama_decode [0x7ffc219a914b] in llama.dll
=========         Host Frame: time [0x7ffb88220920] in llama-server-impl.dll
=========         Host Frame: time [0x7ffb88235dfe] in llama-server-impl.dll
=========         Host Frame: time [0x7ffb8827f5a5] in llama-server-impl.dll
=========         Host Frame: llama_server [0x7ffb8818cf5b] in llama-server-impl.dll
=========         Host Frame: std::thread::_Invoke<std::tuple<<lambda_3c4c967af51188f9751dc8f760a540d5> >,0> [0x7ffc2f566140] in llama-cli-impl.dll
=========         Host Frame: wcsrchr [0x7ffcb934cd30] in ucrtbase.dll
=========         Host Frame: BaseThreadInitThunk [0x7ffcb9c8ccb7] in KERNEL32.DLL
=========         Host Frame: RtlUserThreadStart [0x7ffcbbfcad6c] in ntdll.dll
========= 
========= Invalid __global__ write of size 4 bytes
=========     at void quantize_mmq_q8_1<(mmq_q8_1_ds_layout)0, (bool)1>(const float *, const int *, void *, long long, long long, long long, long long, long long, int, int, int)+0x800
=========     by thread (40,0,0) in block (42,1,0)
=========     Access to 0x2fd1df6780 is out of bounds
=========     and is 145,246,611,329 bytes after the nearest allocation at 0xe00600000 of size 2,097,152 bytes
=========     Saved host backtrace up to driver entry point at kernel launch time
=========         Host Frame: cuLaunchKernel [0x7ffc276fd9e8] in nvcuda64.dll
=========         Host Frame:  [0xdc5e] in nvcudart_hybrid64.dll
=========         Host Frame: _cudaGetProcAddress [0x7ffc204e4f73] in nvcudart_hybrid64.dll
=========         Host Frame: _cudaGetProcAddress [0x7ffc204a8121] in nvcudart_hybrid64.dll
=========         Host Frame: ggml_backend_is_cuda [0x7ffb3a91900a] in ggml-cuda.dll
=========         Host Frame: ggml_backend_is_cuda [0x7ffb3a0e8bfb] in ggml-cuda.dll
=========         Host Frame: ggml_backend_is_cuda [0x7ffb3a0ea082] in ggml-cuda.dll
=========         Host Frame: ggml_backend_is_cuda [0x7ffb3a01169f] in ggml-cuda.dll
=========         Host Frame:  [0x12ac88] in ggml-cuda.dll
=========         Host Frame:  [0x1271e5] in ggml-cuda.dll
=========         Host Frame:  [0x1288a3] in ggml-cuda.dll
=========         Host Frame:  [0x118224] in ggml-cuda.dll
=========         Host Frame: ggml_tallocr_new [0x7ffc826d6968] in ggml-base.dll
=========         Host Frame: llama_set_nextn_layer_offset [0x7ffc219a68b9] in llama.dll
=========         Host Frame: llama_chat_builtin_templates [0x7ffc219a1026] in llama.dll
=========         Host Frame: llama_decode [0x7ffc219a914b] in llama.dll
=========         Host Frame: time [0x7ffb88220920] in llama-server-impl.dll
=========         Host Frame: time [0x7ffb88235dfe] in llama-server-impl.dll
=========         Host Frame: time [0x7ffb8827f5a5] in llama-server-impl.dll
=========         Host Frame: llama_server [0x7ffb8818cf5b] in llama-server-impl.dll
=========         Host Frame: std::thread::_Invoke<std::tuple<<lambda_3c4c967af51188f9751dc8f760a540d5> >,0> [0x7ffc2f566140] in llama-cli-impl.dll
=========         Host Frame: wcsrchr [0x7ffcb934cd30] in ucrtbase.dll
=========         Host Frame: BaseThreadInitThunk [0x7ffcb9c8ccb7] in KERNEL32.DLL
=========         Host Frame: RtlUserThreadStart [0x7ffcbbfcad6c] in ntdll.dll
========= 
========= Invalid __global__ write of size 4 bytes
=========     at void quantize_mmq_q8_1<(mmq_q8_1_ds_layout)0, (bool)1>(const float *, const int *, void *, long long, long long, long long, long long, long long, int, int, int)+0x800
=========     by thread (41,0,0) in block (42,1,0)
=========     Access to 0x2fd1df6784 is out of bounds
=========     and is 145,246,611,333 bytes after the nearest allocation at 0xe00600000 of size 2,097,152 bytes
=========     Saved host backtrace up to driver entry point at kernel launch time
=========         Host Frame: cuLaunchKernel [0x7ffc276fd9e8] in nvcuda64.dll
=========         Host Frame:  [0xdc5e] in nvcudart_hybrid64.dll
=========         Host Frame: _cudaGetProcAddress [0x7ffc204e4f73] in nvcudart_hybrid64.dll
=========         Host Frame: _cudaGetProcAddress [0x7ffc204a8121] in nvcudart_hybrid64.dll
=========         Host Frame: ggml_backend_is_cuda [0x7ffb3a91900a] in ggml-cuda.dll
=========         Host Frame: ggml_backend_is_cuda [0x7ffb3a0e8bfb] in ggml-cuda.dll
=========         Host Frame: ggml_backend_is_cuda [0x7ffb3a0ea082] in ggml-cuda.dll
=========         Host Frame: ggml_backend_is_cuda [0x7ffb3a01169f] in ggml-cuda.dll
=========         Host Frame:  [0x12ac88] in ggml-cuda.dll
=========         Host Frame:  [0x1271e5] in ggml-cuda.dll
=========         Host Frame:  [0x1288a3] in ggml-cuda.dll
=========         Host Frame:  [0x118224] in ggml-cuda.dll
=========         Host Frame: ggml_tallocr_new [0x7ffc826d6968] in ggml-base.dll
=========         Host Frame: llama_set_nextn_layer_offset [0x7ffc219a68b9] in llama.dll
=========         Host Frame: llama_chat_builtin_templates [0x7ffc219a1026] in llama.dll
=========         Host Frame: llama_decode [0x7ffc219a914b] in llama.dll
=========         Host Frame: time [0x7ffb88220920] in llama-server-impl.dll
=========         Host Frame: time [0x7ffb88235dfe] in llama-server-impl.dll
=========         Host Frame: time [0x7ffb8827f5a5] in llama-server-impl.dll
=========         Host Frame: llama_server [0x7ffb8818cf5b] in llama-server-impl.dll
=========         Host Frame: std::thread::_Invoke<std::tuple<<lambda_3c4c967af51188f9751dc8f760a540d5> >,0> [0x7ffc2f566140] in llama-cli-impl.dll
=========         Host Frame: wcsrchr [0x7ffcb934cd30] in ucrtbase.dll
=========         Host Frame: BaseThreadInitThunk [0x7ffcb9c8ccb7] in KERNEL32.DLL
=========         Host Frame: RtlUserThreadStart [0x7ffcbbfcad6c] in ntdll.dll
========= 
========= Invalid __global__ write of size 4 bytes
=========     at void quantize_mmq_q8_1<(mmq_q8_1_ds_layout)0, (bool)1>(const float *, const int *, void *, long long, long long, long long, long long, long long, int, int, int)+0x800
=========     by thread (42,0,0) in block (42,1,0)
=========     Access to 0x2fd1df6788 is out of bounds
=========     and is 145,246,611,337 bytes after the nearest allocation at 0xe00600000 of size 2,097,152 bytes
=========     Saved host backtrace up to driver entry point at kernel launch time
=========         Host Frame: cuLaunchKernel [0x7ffc276fd9e8] in nvcuda64.dll
=========         Host Frame:  [0xdc5e] in nvcudart_hybrid64.dll
=========         Host Frame: _cudaGetProcAddress [0x7ffc204e4f73] in nvcudart_hybrid64.dll
=========         Host Frame: _cudaGetProcAddress [0x7ffc204a8121] in nvcudart_hybrid64.dll
=========         Host Frame: ggml_backend_is_cuda [0x7ffb3a91900a] in ggml-cuda.dll
=========         Host Frame: ggml_backend_is_cuda [0x7ffb3a0e8bfb] in ggml-cuda.dll
=========         Host Frame: ggml_backend_is_cuda [0x7ffb3a0ea082] in ggml-cuda.dll
=========         Host Frame: ggml_backend_is_cuda [0x7ffb3a01169f] in ggml-cuda.dll
=========         Host Frame:  [0x12ac88] in ggml-cuda.dll
=========         Host Frame:  [0x1271e5] in ggml-cuda.dll
=========         Host Frame:  [0x1288a3] in ggml-cuda.dll
=========         Host Frame:  [0x118224] in ggml-cuda.dll
=========         Host Frame: ggml_tallocr_new [0x7ffc826d6968] in ggml-base.dll
=========         Host Frame: llama_set_nextn_layer_offset [0x7ffc219a68b9] in llama.dll
=========         Host Frame: llama_chat_builtin_templates [0x7ffc219a1026] in llama.dll
=========         Host Frame: llama_decode [0x7ffc219a914b] in llama.dll
=========         Host Frame: time [0x7ffb88220920] in llama-server-impl.dll
=========         Host Frame: time [0x7ffb88235dfe] in llama-server-impl.dll
=========         Host Frame: time [0x7ffb8827f5a5] in llama-server-impl.dll
=========         Host Frame: llama_server [0x7ffb8818cf5b] in llama-server-impl.dll
=========         Host Frame: std::thread::_Invoke<std::tuple<<lambda_3c4c967af51188f9751dc8f760a540d5> >,0> [0x7ffc2f566140] in llama-cli-impl.dll
=========         Host Frame: wcsrchr [0x7ffcb934cd30] in ucrtbase.dll
=========         Host Frame: BaseThreadInitThunk [0x7ffcb9c8ccb7] in KERNEL32.DLL
=========         Host Frame: RtlUserThreadStart [0x7ffcbbfcad6c] in ntdll.dll
========= 
========= Invalid __global__ write of size 4 bytes
=========     at void quantize_mmq_q8_1<(mmq_q8_1_ds_layout)0, (bool)1>(const float *, const int *, void *, long long, long long, long long, long long, long long, int, int, int)+0x800
=========     by thread (43,0,0) in block (42,1,0)
=========     Access to 0x2fd1df678c is out of bounds
=========     and is 145,246,611,341 bytes after the nearest allocation at 0xe00600000 of size 2,097,152 bytes
=========     Saved host backtrace up to driver entry point at kernel launch time
=========         Host Frame: cuLaunchKernel [0x7ffc276fd9e8] in nvcuda64.dll
=========         Host Frame:  [0xdc5e] in nvcudart_hybrid64.dll
=========         Host Frame: _cudaGetProcAddress [0x7ffc204e4f73] in nvcudart_hybrid64.dll
=========         Host Frame: _cudaGetProcAddress [0x7ffc204a8121] in nvcudart_hybrid64.dll
=========         Host Frame: ggml_backend_is_cuda [0x7ffb3a91900a] in ggml-cuda.dll
=========         Host Frame: ggml_backend_is_cuda [0x7ffb3a0e8bfb] in ggml-cuda.dll
=========         Host Frame: ggml_backend_is_cuda [0x7ffb3a0ea082] in ggml-cuda.dll
=========         Host Frame: ggml_backend_is_cuda [0x7ffb3a01169f] in ggml-cuda.dll
=========         Host Frame:  [0x12ac88] in ggml-cuda.dll
=========         Host Frame:  [0x1271e5] in ggml-cuda.dll
=========         Host Frame:  [0x1288a3] in ggml-cuda.dll
=========         Host Frame:  [0x118224] in ggml-cuda.dll
=========         Host Frame: ggml_tallocr_new [0x7ffc826d6968] in ggml-base.dll
=========         Host Frame: llama_set_nextn_layer_offset [0x7ffc219a68b9] in llama.dll
=========         Host Frame: llama_chat_builtin_templates [0x7ffc219a1026] in llama.dll
=========         Host Frame: llama_decode [0x7ffc219a914b] in llama.dll
=========         Host Frame: time [0x7ffb88220920] in llama-server-impl.dll
=========         Host Frame: time [0x7ffb88235dfe] in llama-server-impl.dll
=========         Host Frame: time [0x7ffb8827f5a5] in llama-server-impl.dll
=========         Host Frame: llama_server [0x7ffb8818cf5b] in llama-server-impl.dll
=========         Host Frame: std::thread::_Invoke<std::tuple<<lambda_3c4c967af51188f9751dc8f760a540d5> >,0> [0x7ffc2f566140] in llama-cli-impl.dll
=========         Host Frame: wcsrchr [0x7ffcb934cd30] in ucrtbase.dll
=========         Host Frame: BaseThreadInitThunk [0x7ffcb9c8ccb7] in KERNEL32.DLL
=========         Host Frame: RtlUserThreadStart [0x7ffcbbfcad6c] in ntdll.dll
========= 
========= Invalid __global__ write of size 4 bytes
=========     at void quantize_mmq_q8_1<(mmq_q8_1_ds_layout)0, (bool)1>(const float *, const int *, void *, long long, long long, long long, long long, long long, int, int, int)+0x800
=========     by thread (44,0,0) in block (42,1,0)
=========     Access to 0x2fd1df6790 is out of bounds
=========     and is 145,246,611,345 bytes after the nearest allocation at 0xe00600000 of size 2,097,152 bytes
=========     Saved host backtrace up to driver entry point at kernel launch time
=========         Host Frame: cuLaunchKernel [0x7ffc276fd9e8] in nvcuda64.dll
=========         Host Frame:  [0xdc5e] in nvcudart_hybrid64.dll
=========         Host Frame: _cudaGetProcAddress [0x7ffc204e4f73] in nvcudart_hybrid64.dll
=========         Host Frame: _cudaGetProcAddress [0x7ffc204a8121] in nvcudart_hybrid64.dll
=========         Host Frame: ggml_backend_is_cuda [0x7ffb3a91900a] in ggml-cuda.dll
=========         Host Frame: ggml_backend_is_cuda [0x7ffb3a0e8bfb] in ggml-cuda.dll
=========         Host Frame: ggml_backend_is_cuda [0x7ffb3a0ea082] in ggml-cuda.dll
=========         Host Frame: ggml_backend_is_cuda [0x7ffb3a01169f] in ggml-cuda.dll
=========         Host Frame:  [0x12ac88] in ggml-cuda.dll
=========         Host Frame:  [0x1271e5] in ggml-cuda.dll
=========         Host Frame:  [0x1288a3] in ggml-cuda.dll
=========         Host Frame:  [0x118224] in ggml-cuda.dll
=========         Host Frame: ggml_tallocr_new [0x7ffc826d6968] in ggml-base.dll
=========         Host Frame: llama_set_nextn_layer_offset [0x7ffc219a68b9] in llama.dll
=========         Host Frame: llama_chat_builtin_templates [0x7ffc219a1026] in llama.dll
=========         Host Frame: llama_decode [0x7ffc219a914b] in llama.dll
=========         Host Frame: time [0x7ffb88220920] in llama-server-impl.dll
=========         Host Frame: time [0x7ffb88235dfe] in llama-server-impl.dll
=========         Host Frame: time [0x7ffb8827f5a5] in llama-server-impl.dll
=========         Host Frame: llama_server [0x7ffb8818cf5b] in llama-server-impl.dll
=========         Host Frame: std::thread::_Invoke<std::tuple<<lambda_3c4c967af51188f9751dc8f760a540d5> >,0> [0x7ffc2f566140] in llama-cli-impl.dll
=========         Host Frame: wcsrchr [0x7ffcb934cd30] in ucrtbase.dll
=========         Host Frame: BaseThreadInitThunk [0x7ffcb9c8ccb7] in KERNEL32.DLL
=========         Host Frame: RtlUserThreadStart [0x7ffcbbfcad6c] in ntdll.dll
========= 
========= Invalid __global__ write of size 4 bytes
=========     at void quantize_mmq_q8_1<(mmq_q8_1_ds_layout)0, (bool)1>(const float *, const int *, void *, long long, long long, long long, long long, long long, int, int, int)+0x800
=========     by thread (45,0,0) in block (42,1,0)
=========     Access to 0x2fd1df6794 is out of bounds
=========     and is 145,246,611,349 bytes after the nearest allocation at 0xe00600000 of size 2,097,152 bytes
=========     Saved host backtrace up to driver entry point at kernel launch time
=========         Host Frame: cuLaunchKernel [0x7ffc276fd9e8] in nvcuda64.dll
=========         Host Frame:  [0xdc5e] in nvcudart_hybrid64.dll
=========         Host Frame: _cudaGetProcAddress [0x7ffc204e4f73] in nvcudart_hybrid64.dll
=========         Host Frame: _cudaGetProcAddress [0x7ffc204a8121] in nvcudart_hybrid64.dll
=========         Host Frame: ggml_backend_is_cuda [0x7ffb3a91900a] in ggml-cuda.dll
=========         Host Frame: ggml_backend_is_cuda [0x7ffb3a0e8bfb] in ggml-cuda.dll
=========         Host Frame: ggml_backend_is_cuda [0x7ffb3a0ea082] in ggml-cuda.dll
=========         Host Frame: ggml_backend_is_cuda [0x7ffb3a01169f] in ggml-cuda.dll
=========         Host Frame:  [0x12ac88] in ggml-cuda.dll
=========         Host Frame:  [0x1271e5] in ggml-cuda.dll
=========         Host Frame:  [0x1288a3] in ggml-cuda.dll
=========         Host Frame:  [0x118224] in ggml-cuda.dll
=========         Host Frame: ggml_tallocr_new [0x7ffc826d6968] in ggml-base.dll
=========         Host Frame: llama_set_nextn_layer_offset [0x7ffc219a68b9] in llama.dll
=========         Host Frame: llama_chat_builtin_templates [0x7ffc219a1026] in llama.dll
=========         Host Frame: llama_decode [0x7ffc219a914b] in llama.dll
=========         Host Frame: time [0x7ffb88220920] in llama-server-impl.dll
=========         Host Frame: time [0x7ffb88235dfe] in llama-server-impl.dll
=========         Host Frame: time [0x7ffb8827f5a5] in llama-server-impl.dll
=========         Host Frame: llama_server [0x7ffb8818cf5b] in llama-server-impl.dll
=========         Host Frame: std::thread::_Invoke<std::tuple<<lambda_3c4c967af51188f9751dc8f760a540d5> >,0> [0x7ffc2f566140] in llama-cli-impl.dll
=========         Host Frame: wcsrchr [0x7ffcb934cd30] in ucrtbase.dll
=========         Host Frame: BaseThreadInitThunk [0x7ffcb9c8ccb7] in KERNEL32.DLL
=========         Host Frame: RtlUserThreadStart [0x7ffcbbfcad6c] in ntdll.dll
========= 
========= Invalid __global__ write of size 4 bytes
=========     at void quantize_mmq_q8_1<(mmq_q8_1_ds_layout)0, (bool)1>(const float *, const int *, void *, long long, long long, long long, long long, long long, int, int, int)+0x800
=========     by thread (46,0,0) in block (42,1,0)
=========     Access to 0x2fd1df6798 is out of bounds
=========     and is 145,246,611,353 bytes after the nearest allocation at 0xe00600000 of size 2,097,152 bytes
=========     Saved host backtrace up to driver entry point at kernel launch time
=========         Host Frame: cuLaunchKernel [0x7ffc276fd9e8] in nvcuda64.dll
=========         Host Frame:  [0xdc5e] in nvcudart_hybrid64.dll
=========         Host Frame: _cudaGetProcAddress [0x7ffc204e4f73] in nvcudart_hybrid64.dll
=========         Host Frame: _cudaGetProcAddress [0x7ffc204a8121] in nvcudart_hybrid64.dll
=========         Host Frame: ggml_backend_is_cuda [0x7ffb3a91900a] in ggml-cuda.dll
=========         Host Frame: ggml_backend_is_cuda [0x7ffb3a0e8bfb] in ggml-cuda.dll
=========         Host Frame: ggml_backend_is_cuda [0x7ffb3a0ea082] in ggml-cuda.dll
=========         Host Frame: ggml_backend_is_cuda [0x7ffb3a01169f] in ggml-cuda.dll
=========         Host Frame:  [0x12ac88] in ggml-cuda.dll
=========         Host Frame:  [0x1271e5] in ggml-cuda.dll
=========         Host Frame:  [0x1288a3] in ggml-cuda.dll
=========         Host Frame:  [0x118224] in ggml-cuda.dll
=========         Host Frame: ggml_tallocr_new [0x7ffc826d6968] in ggml-base.dll
=========         Host Frame: llama_set_nextn_layer_offset [0x7ffc219a68b9] in llama.dll
=========         Host Frame: llama_chat_builtin_templates [0x7ffc219a1026] in llama.dll
=========         Host Frame: llama_decode [0x7ffc219a914b] in llama.dll
=========         Host Frame: time [0x7ffb88220920] in llama-server-impl.dll
=========         Host Frame: time [0x7ffb88235dfe] in llama-server-impl.dll
=========         Host Frame: time [0x7ffb8827f5a5] in llama-server-impl.dll
=========         Host Frame: llama_server [0x7ffb8818cf5b] in llama-server-impl.dll
=========         Host Frame: std::thread::_Invoke<std::tuple<<lambda_3c4c967af51188f9751dc8f760a540d5> >,0> [0x7ffc2f566140] in llama-cli-impl.dll
=========         Host Frame: wcsrchr [0x7ffcb934cd30] in ucrtbase.dll
=========         Host Frame: BaseThreadInitThunk [0x7ffcb9c8ccb7] in KERNEL32.DLL
=========         Host Frame: RtlUserThreadStart [0x7ffcbbfcad6c] in ntdll.dll
========= 
========= Invalid __global__ write of size 4 bytes
=========     at void quantize_mmq_q8_1<(mmq_q8_1_ds_layout)0, (bool)1>(const float *, const int *, void *, long long, long long, long long, long long, long long, int, int, int)+0x800
=========     by thread (47,0,0) in block (42,1,0)
=========     Access to 0x2fd1df679c is out of bounds
=========     and is 145,246,611,357 bytes after the nearest allocation at 0xe00600000 of size 2,097,152 bytes
=========     Saved host backtrace up to driver entry point at kernel launch time
=========         Host Frame: cuLaunchKernel [0x7ffc276fd9e8] in nvcuda64.dll
=========         Host Frame:  [0xdc5e] in nvcudart_hybrid64.dll
=========         Host Frame: _cudaGetProcAddress [0x7ffc204e4f73] in nvcudart_hybrid64.dll
=========         Host Frame: _cudaGetProcAddress [0x7ffc204a8121] in nvcudart_hybrid64.dll
=========         Host Frame: ggml_backend_is_cuda [0x7ffb3a91900a] in ggml-cuda.dll
=========         Host Frame: ggml_backend_is_cuda [0x7ffb3a0e8bfb] in ggml-cuda.dll
=========         Host Frame: ggml_backend_is_cuda [0x7ffb3a0ea082] in ggml-cuda.dll
=========         Host Frame: ggml_backend_is_cuda [0x7ffb3a01169f] in ggml-cuda.dll
=========         Host Frame:  [0x12ac88] in ggml-cuda.dll
=========         Host Frame:  [0x1271e5] in ggml-cuda.dll
=========         Host Frame:  [0x1288a3] in ggml-cuda.dll
=========         Host Frame:  [0x118224] in ggml-cuda.dll
=========         Host Frame: ggml_tallocr_new [0x7ffc826d6968] in ggml-base.dll
=========         Host Frame: llama_set_nextn_layer_offset [0x7ffc219a68b9] in llama.dll
=========         Host Frame: llama_chat_builtin_templates [0x7ffc219a1026] in llama.dll
=========         Host Frame: llama_decode [0x7ffc219a914b] in llama.dll
=========         Host Frame: time [0x7ffb88220920] in llama-server-impl.dll
=========         Host Frame: time [0x7ffb88235dfe] in llama-server-impl.dll
=========         Host Frame: time [0x7ffb8827f5a5] in llama-server-impl.dll
=========         Host Frame: llama_server [0x7ffb8818cf5b] in llama-server-impl.dll
=========         Host Frame: std::thread::_Invoke<std::tuple<<lambda_3c4c967af51188f9751dc8f760a540d5> >,0> [0x7ffc2f566140] in llama-cli-impl.dll
=========         Host Frame: wcsrchr [0x7ffcb934cd30] in ucrtbase.dll
=========         Host Frame: BaseThreadInitThunk [0x7ffcb9c8ccb7] in KERNEL32.DLL
=========         Host Frame: RtlUserThreadStart [0x7ffcbbfcad6c] in ntdll.dll
========= 
========= Invalid __global__ write of size 4 bytes
=========     at void quantize_mmq_q8_1<(mmq_q8_1_ds_layout)0, (bool)1>(const float *, const int *, void *, long long, long long, long long, long long, long long, int, int, int)+0x800
=========     by thread (48,0,0) in block (42,1,0)
=========     Access to 0x2fd1df67a0 is out of bounds
=========     and is 145,246,611,361 bytes after the nearest allocation at 0xe00600000 of size 2,097,152 bytes
=========     Saved host backtrace up to driver entry point at kernel launch time
=========         Host Frame: cuLaunchKernel [0x7ffc276fd9e8] in nvcuda64.dll
=========         Host Frame:  [0xdc5e] in nvcudart_hybrid64.dll
=========         Host Frame: _cudaGetProcAddress [0x7ffc204e4f73] in nvcudart_hybrid64.dll
=========         Host Frame: _cudaGetProcAddress [0x7ffc204a8121] in nvcudart_hybrid64.dll
=========         Host Frame: ggml_backend_is_cuda [0x7ffb3a91900a] in ggml-cuda.dll
=========         Host Frame: ggml_backend_is_cuda [0x7ffb3a0e8bfb] in ggml-cuda.dll
=========         Host Frame: ggml_backend_is_cuda [0x7ffb3a0ea082] in ggml-cuda.dll
=========         Host Frame: ggml_backend_is_cuda [0x7ffb3a01169f] in ggml-cuda.dll
=========         Host Frame:  [0x12ac88] in ggml-cuda.dll
=========         Host Frame:  [0x1271e5] in ggml-cuda.dll
=========         Host Frame:  [0x1288a3] in ggml-cuda.dll
=========         Host Frame:  [0x118224] in ggml-cuda.dll
=========         Host Frame: ggml_tallocr_new [0x7ffc826d6968] in ggml-base.dll
=========         Host Frame: llama_set_nextn_layer_offset [0x7ffc219a68b9] in llama.dll
=========         Host Frame: llama_chat_builtin_templates [0x7ffc219a1026] in llama.dll
=========         Host Frame: llama_decode [0x7ffc219a914b] in llama.dll
=========         Host Frame: time [0x7ffb88220920] in llama-server-impl.dll
=========         Host Frame: time [0x7ffb88235dfe] in llama-server-impl.dll
=========         Host Frame: time [0x7ffb8827f5a5] in llama-server-impl.dll
=========         Host Frame: llama_server [0x7ffb8818cf5b] in llama-server-impl.dll
=========         Host Frame: std::thread::_Invoke<std::tuple<<lambda_3c4c967af51188f9751dc8f760a540d5> >,0> [0x7ffc2f566140] in llama-cli-impl.dll
=========         Host Frame: wcsrchr [0x7ffcb934cd30] in ucrtbase.dll
=========         Host Frame: BaseThreadInitThunk [0x7ffcb9c8ccb7] in KERNEL32.DLL
=========         Host Frame: RtlUserThreadStart [0x7ffcbbfcad6c] in ntdll.dll
========= 
========= Invalid __global__ write of size 4 bytes
=========     at void quantize_mmq_q8_1<(mmq_q8_1_ds_layout)0, (bool)1>(const float *, const int *, void *, long long, long long, long long, long long, long long, int, int, int)+0x800
=========     by thread (49,0,0) in block (42,1,0)
=========     Access to 0x2fd1df67a4 is out of bounds
=========     and is 145,246,611,365 bytes after the nearest allocation at 0xe00600000 of size 2,097,152 bytes
=========     Saved host backtrace up to driver entry point at kernel launch time
=========         Host Frame: cuLaunchKernel [0x7ffc276fd9e8] in nvcuda64.dll
=========         Host Frame:  [0xdc5e] in nvcudart_hybrid64.dll
=========         Host Frame: _cudaGetProcAddress [0x7ffc204e4f73] in nvcudart_hybrid64.dll
=========         Host Frame: _cudaGetProcAddress [0x7ffc204a8121] in nvcudart_hybrid64.dll
=========         Host Frame: ggml_backend_is_cuda [0x7ffb3a91900a] in ggml-cuda.dll
=========         Host Frame: ggml_backend_is_cuda [0x7ffb3a0e8bfb] in ggml-cuda.dll
=========         Host Frame: ggml_backend_is_cuda [0x7ffb3a0ea082] in ggml-cuda.dll
=========         Host Frame: ggml_backend_is_cuda [0x7ffb3a01169f] in ggml-cuda.dll
=========         Host Frame:  [0x12ac88] in ggml-cuda.dll
=========         Host Frame:  [0x1271e5] in ggml-cuda.dll
=========         Host Frame:  [0x1288a3] in ggml-cuda.dll
=========         Host Frame:  [0x118224] in ggml-cuda.dll
=========         Host Frame: ggml_tallocr_new [0x7ffc826d6968] in ggml-base.dll
=========         Host Frame: llama_set_nextn_layer_offset [0x7ffc219a68b9] in llama.dll
=========         Host Frame: llama_chat_builtin_templates [0x7ffc219a1026] in llama.dll
=========         Host Frame: llama_decode [0x7ffc219a914b] in llama.dll
=========         Host Frame: time [0x7ffb88220920] in llama-server-impl.dll
=========         Host Frame: time [0x7ffb88235dfe] in llama-server-impl.dll
=========         Host Frame: time [0x7ffb8827f5a5] in llama-server-impl.dll
=========         Host Frame: llama_server [0x7ffb8818cf5b] in llama-server-impl.dll
=========         Host Frame: std::thread::_Invoke<std::tuple<<lambda_3c4c967af51188f9751dc8f760a540d5> >,0> [0x7ffc2f566140] in llama-cli-impl.dll
=========         Host Frame: wcsrchr [0x7ffcb934cd30] in ucrtbase.dll
=========         Host Frame: BaseThreadInitThunk [0x7ffcb9c8ccb7] in KERNEL32.DLL
=========         Host Frame: RtlUserThreadStart [0x7ffcbbfcad6c] in ntdll.dll
========= 
========= Invalid __global__ write of size 4 bytes
=========     at void quantize_mmq_q8_1<(mmq_q8_1_ds_layout)0, (bool)1>(const float *, const int *, void *, long long, long long, long long, long long, long long, int, int, int)+0x800
=========     by thread (50,0,0) in block (42,1,0)
=========     Access to 0x2fd1df67a8 is out of bounds
=========     and is 145,246,611,369 bytes after the nearest allocation at 0xe00600000 of size 2,097,152 bytes
=========     Saved host backtrace up to driver entry point at kernel launch time
=========         Host Frame: cuLaunchKernel [0x7ffc276fd9e8] in nvcuda64.dll
=========         Host Frame:  [0xdc5e] in nvcudart_hybrid64.dll
=========         Host Frame: _cudaGetProcAddress [0x7ffc204e4f73] in nvcudart_hybrid64.dll
=========         Host Frame: _cudaGetProcAddress [0x7ffc204a8121] in nvcudart_hybrid64.dll
=========         Host Frame: ggml_backend_is_cuda [0x7ffb3a91900a] in ggml-cuda.dll
=========         Host Frame: ggml_backend_is_cuda [0x7ffb3a0e8bfb] in ggml-cuda.dll
=========         Host Frame: ggml_backend_is_cuda [0x7ffb3a0ea082] in ggml-cuda.dll
=========         Host Frame: ggml_backend_is_cuda [0x7ffb3a01169f] in ggml-cuda.dll
=========         Host Frame:  [0x12ac88] in ggml-cuda.dll
=========         Host Frame:  [0x1271e5] in ggml-cuda.dll
=========         Host Frame:  [0x1288a3] in ggml-cuda.dll
=========         Host Frame:  [0x118224] in ggml-cuda.dll
=========         Host Frame: ggml_tallocr_new [0x7ffc826d6968] in ggml-base.dll
=========         Host Frame: llama_set_nextn_layer_offset [0x7ffc219a68b9] in llama.dll
=========         Host Frame: llama_chat_builtin_templates [0x7ffc219a1026] in llama.dll
=========         Host Frame: llama_decode [0x7ffc219a914b] in llama.dll
=========         Host Frame: time [0x7ffb88220920] in llama-server-impl.dll
=========         Host Frame: time [0x7ffb88235dfe] in llama-server-impl.dll
=========         Host Frame: time [0x7ffb8827f5a5] in llama-server-impl.dll
=========         Host Frame: llama_server [0x7ffb8818cf5b] in llama-server-impl.dll
=========         Host Frame: std::thread::_Invoke<std::tuple<<lambda_3c4c967af51188f9751dc8f760a540d5> >,0> [0x7ffc2f566140] in llama-cli-impl.dll
=========         Host Frame: wcsrchr [0x7ffcb934cd30] in ucrtbase.dll
=========         Host Frame: BaseThreadInitThunk [0x7ffcb9c8ccb7] in KERNEL32.DLL
=========         Host Frame: RtlUserThreadStart [0x7ffcbbfcad6c] in ntdll.dll
========= 
========= Invalid __global__ write of size 4 bytes
=========     at void quantize_mmq_q8_1<(mmq_q8_1_ds_layout)0, (bool)1>(const float *, const int *, void *, long long, long long, long long, long long, long long, int, int, int)+0x800
=========     by thread (51,0,0) in block (42,1,0)
=========     Access to 0x2fd1df67ac is out of bounds
=========     and is 145,246,611,373 bytes after the nearest allocation at 0xe00600000 of size 2,097,152 bytes
=========     Saved host backtrace up to driver entry point at kernel launch time
=========         Host Frame: cuLaunchKernel [0x7ffc276fd9e8] in nvcuda64.dll
=========         Host Frame:  [0xdc5e] in nvcudart_hybrid64.dll
=========         Host Frame: _cudaGetProcAddress [0x7ffc204e4f73] in nvcudart_hybrid64.dll
=========         Host Frame: _cudaGetProcAddress [0x7ffc204a8121] in nvcudart_hybrid64.dll
=========         Host Frame: ggml_backend_is_cuda [0x7ffb3a91900a] in ggml-cuda.dll
=========         Host Frame: ggml_backend_is_cuda [0x7ffb3a0e8bfb] in ggml-cuda.dll
=========         Host Frame: ggml_backend_is_cuda [0x7ffb3a0ea082] in ggml-cuda.dll
=========         Host Frame: ggml_backend_is_cuda [0x7ffb3a01169f] in ggml-cuda.dll
=========         Host Frame:  [0x12ac88] in ggml-cuda.dll
=========         Host Frame:  [0x1271e5] in ggml-cuda.dll
=========         Host Frame:  [0x1288a3] in ggml-cuda.dll
=========         Host Frame:  [0x118224] in ggml-cuda.dll
=========         Host Frame: ggml_tallocr_new [0x7ffc826d6968] in ggml-base.dll
=========         Host Frame: llama_set_nextn_layer_offset [0x7ffc219a68b9] in llama.dll
=========         Host Frame: llama_chat_builtin_templates [0x7ffc219a1026] in llama.dll
=========         Host Frame: llama_decode [0x7ffc219a914b] in llama.dll
=========         Host Frame: time [0x7ffb88220920] in llama-server-impl.dll
=========         Host Frame: time [0x7ffb88235dfe] in llama-server-impl.dll
=========         Host Frame: time [0x7ffb8827f5a5] in llama-server-impl.dll
=========         Host Frame: llama_server [0x7ffb8818cf5b] in llama-server-impl.dll
=========         Host Frame: std::thread::_Invoke<std::tuple<<lambda_3c4c967af51188f9751dc8f760a540d5> >,0> [0x7ffc2f566140] in llama-cli-impl.dll
=========         Host Frame: wcsrchr [0x7ffcb934cd30] in ucrtbase.dll
=========         Host Frame: BaseThreadInitThunk [0x7ffcb9c8ccb7] in KERNEL32.DLL
=========         Host Frame: RtlUserThreadStart [0x7ffcbbfcad6c] in ntdll.dll
========= 
========= Invalid __global__ write of size 4 bytes
=========     at void quantize_mmq_q8_1<(mmq_q8_1_ds_layout)0, (bool)1>(const float *, const int *, void *, long long, long long, long long, long long, long long, int, int, int)+0x800
=========     by thread (52,0,0) in block (42,1,0)
=========     Access to 0x2fd1df67b0 is out of bounds
=========     and is 145,246,611,377 bytes after the nearest allocation at 0xe00600000 of size 2,097,152 bytes
=========     Saved host backtrace up to driver entry point at kernel launch time
=========         Host Frame: cuLaunchKernel [0x7ffc276fd9e8] in nvcuda64.dll
=========         Host Frame:  [0xdc5e] in nvcudart_hybrid64.dll
=========         Host Frame: _cudaGetProcAddress [0x7ffc204e4f73] in nvcudart_hybrid64.dll
=========         Host Frame: _cudaGetProcAddress [0x7ffc204a8121] in nvcudart_hybrid64.dll
=========         Host Frame: ggml_backend_is_cuda [0x7ffb3a91900a] in ggml-cuda.dll
=========         Host Frame: ggml_backend_is_cuda [0x7ffb3a0e8bfb] in ggml-cuda.dll
=========         Host Frame: ggml_backend_is_cuda [0x7ffb3a0ea082] in ggml-cuda.dll
=========         Host Frame: ggml_backend_is_cuda [0x7ffb3a01169f] in ggml-cuda.dll
=========         Host Frame:  [0x12ac88] in ggml-cuda.dll
=========         Host Frame:  [0x1271e5] in ggml-cuda.dll
=========         Host Frame:  [0x1288a3] in ggml-cuda.dll
=========         Host Frame:  [0x118224] in ggml-cuda.dll
=========         Host Frame: ggml_tallocr_new [0x7ffc826d6968] in ggml-base.dll
=========         Host Frame: llama_set_nextn_layer_offset [0x7ffc219a68b9] in llama.dll
=========         Host Frame: llama_chat_builtin_templates [0x7ffc219a1026] in llama.dll
=========         Host Frame: llama_decode [0x7ffc219a914b] in llama.dll
=========         Host Frame: time [0x7ffb88220920] in llama-server-impl.dll
=========         Host Frame: time [0x7ffb88235dfe] in llama-server-impl.dll
=========         Host Frame: time [0x7ffb8827f5a5] in llama-server-impl.dll
=========         Host Frame: llama_server [0x7ffb8818cf5b] in llama-server-impl.dll
=========         Host Frame: std::thread::_Invoke<std::tuple<<lambda_3c4c967af51188f9751dc8f760a540d5> >,0> [0x7ffc2f566140] in llama-cli-impl.dll
=========         Host Frame: wcsrchr [0x7ffcb934cd30] in ucrtbase.dll
=========         Host Frame: BaseThreadInitThunk [0x7ffcb9c8ccb7] in KERNEL32.DLL
=========         Host Frame: RtlUserThreadStart [0x7ffcbbfcad6c] in ntdll.dll
========= 
========= Invalid __global__ write of size 4 bytes
=========     at void quantize_mmq_q8_1<(mmq_q8_1_ds_layout)0, (bool)1>(const float *, const int *, void *, long long, long long, long long, long long, long long, int, int, int)+0x800
=========     by thread (53,0,0) in block (42,1,0)
=========     Access to 0x2fd1df67b4 is out of bounds
=========     and is 145,246,611,381 bytes after the nearest allocation at 0xe00600000 of size 2,097,152 bytes
=========     Saved host backtrace up to driver entry point at kernel launch time
=========         Host Frame: cuLaunchKernel [0x7ffc276fd9e8] in nvcuda64.dll
=========         Host Frame:  [0xdc5e] in nvcudart_hybrid64.dll
=========         Host Frame: _cudaGetProcAddress [0x7ffc204e4f73] in nvcudart_hybrid64.dll
=========         Host Frame: _cudaGetProcAddress [0x7ffc204a8121] in nvcudart_hybrid64.dll
=========         Host Frame: ggml_backend_is_cuda [0x7ffb3a91900a] in ggml-cuda.dll
=========         Host Frame: ggml_backend_is_cuda [0x7ffb3a0e8bfb] in ggml-cuda.dll
=========         Host Frame: ggml_backend_is_cuda [0x7ffb3a0ea082] in ggml-cuda.dll
=========         Host Frame: ggml_backend_is_cuda [0x7ffb3a01169f] in ggml-cuda.dll
=========         Host Frame:  [0x12ac88] in ggml-cuda.dll
=========         Host Frame:  [0x1271e5] in ggml-cuda.dll
=========         Host Frame:  [0x1288a3] in ggml-cuda.dll
=========         Host Frame:  [0x118224] in ggml-cuda.dll
=========         Host Frame: ggml_tallocr_new [0x7ffc826d6968] in ggml-base.dll
=========         Host Frame: llama_set_nextn_layer_offset [0x7ffc219a68b9] in llama.dll
=========         Host Frame: llama_chat_builtin_templates [0x7ffc219a1026] in llama.dll
=========         Host Frame: llama_decode [0x7ffc219a914b] in llama.dll
=========         Host Frame: time [0x7ffb88220920] in llama-server-impl.dll
=========         Host Frame: time [0x7ffb88235dfe] in llama-server-impl.dll
=========         Host Frame: time [0x7ffb8827f5a5] in llama-server-impl.dll
=========         Host Frame: llama_server [0x7ffb8818cf5b] in llama-server-impl.dll
=========         Host Frame: std::thread::_Invoke<std::tuple<<lambda_3c4c967af51188f9751dc8f760a540d5> >,0> [0x7ffc2f566140] in llama-cli-impl.dll
=========         Host Frame: wcsrchr [0x7ffcb934cd30] in ucrtbase.dll
=========         Host Frame: BaseThreadInitThunk [0x7ffcb9c8ccb7] in KERNEL32.DLL
=========         Host Frame: RtlUserThreadStart [0x7ffcbbfcad6c] in ntdll.dll
========= 
========= Invalid __global__ write of size 4 bytes
=========     at void quantize_mmq_q8_1<(mmq_q8_1_ds_layout)0, (bool)1>(const float *, const int *, void *, long long, long long, long long, long long, long long, int, int, int)+0x800
=========     by thread (54,0,0) in block (42,1,0)
=========     Access to 0x2fd1df67b8 is out of bounds
=========     and is 145,246,611,385 bytes after the nearest allocation at 0xe00600000 of size 2,097,152 bytes
=========     Saved host backtrace up to driver entry point at kernel launch time
=========         Host Frame: cuLaunchKernel [0x7ffc276fd9e8] in nvcuda64.dll
=========         Host Frame:  [0xdc5e] in nvcudart_hybrid64.dll
=========         Host Frame: _cudaGetProcAddress [0x7ffc204e4f73] in nvcudart_hybrid64.dll
=========         Host Frame: _cudaGetProcAddress [0x7ffc204a8121] in nvcudart_hybrid64.dll
=========         Host Frame: ggml_backend_is_cuda [0x7ffb3a91900a] in ggml-cuda.dll
=========         Host Frame: ggml_backend_is_cuda [0x7ffb3a0e8bfb] in ggml-cuda.dll
=========         Host Frame: ggml_backend_is_cuda [0x7ffb3a0ea082] in ggml-cuda.dll
=========         Host Frame: ggml_backend_is_cuda [0x7ffb3a01169f] in ggml-cuda.dll
=========         Host Frame:  [0x12ac88] in ggml-cuda.dll
=========         Host Frame:  [0x1271e5] in ggml-cuda.dll
=========         Host Frame:  [0x1288a3] in ggml-cuda.dll
=========         Host Frame:  [0x118224] in ggml-cuda.dll
=========         Host Frame: ggml_tallocr_new [0x7ffc826d6968] in ggml-base.dll
=========         Host Frame: llama_set_nextn_layer_offset [0x7ffc219a68b9] in llama.dll
=========         Host Frame: llama_chat_builtin_templates [0x7ffc219a1026] in llama.dll
=========         Host Frame: llama_decode [0x7ffc219a914b] in llama.dll
=========         Host Frame: time [0x7ffb88220920] in llama-server-impl.dll
=========         Host Frame: time [0x7ffb88235dfe] in llama-server-impl.dll
=========         Host Frame: time [0x7ffb8827f5a5] in llama-server-impl.dll
=========         Host Frame: llama_server [0x7ffb8818cf5b] in llama-server-impl.dll
=========         Host Frame: std::thread::_Invoke<std::tuple<<lambda_3c4c967af51188f9751dc8f760a540d5> >,0> [0x7ffc2f566140] in llama-cli-impl.dll
=========         Host Frame: wcsrchr [0x7ffcb934cd30] in ucrtbase.dll
=========         Host Frame: BaseThreadInitThunk [0x7ffcb9c8ccb7] in KERNEL32.DLL
=========         Host Frame: RtlUserThreadStart [0x7ffcbbfcad6c] in ntdll.dll
========= 
========= Invalid __global__ write of size 4 bytes
=========     at void quantize_mmq_q8_1<(mmq_q8_1_ds_layout)0, (bool)1>(const float *, const int *, void *, long long, long long, long long, long long, long long, int, int, int)+0x800
=========     by thread (55,0,0) in block (42,1,0)
=========     Access to 0x2fd1df67bc is out of bounds
=========     and is 145,246,611,389 bytes after the nearest allocation at 0xe00600000 of size 2,097,152 bytes
=========     Saved host backtrace up to driver entry point at kernel launch time
=========         Host Frame: cuLaunchKernel [0x7ffc276fd9e8] in nvcuda64.dll
=========         Host Frame:  [0xdc5e] in nvcudart_hybrid64.dll
=========         Host Frame: _cudaGetProcAddress [0x7ffc204e4f73] in nvcudart_hybrid64.dll
=========         Host Frame: _cudaGetProcAddress [0x7ffc204a8121] in nvcudart_hybrid64.dll
=========         Host Frame: ggml_backend_is_cuda [0x7ffb3a91900a] in ggml-cuda.dll
=========         Host Frame: ggml_backend_is_cuda [0x7ffb3a0e8bfb] in ggml-cuda.dll
=========         Host Frame: ggml_backend_is_cuda [0x7ffb3a0ea082] in ggml-cuda.dll
=========         Host Frame: ggml_backend_is_cuda [0x7ffb3a01169f] in ggml-cuda.dll
=========         Host Frame:  [0x12ac88] in ggml-cuda.dll
=========         Host Frame:  [0x1271e5] in ggml-cuda.dll
=========         Host Frame:  [0x1288a3] in ggml-cuda.dll
=========         Host Frame:  [0x118224] in ggml-cuda.dll
=========         Host Frame: ggml_tallocr_new [0x7ffc826d6968] in ggml-base.dll
=========         Host Frame: llama_set_nextn_layer_offset [0x7ffc219a68b9] in llama.dll
=========         Host Frame: llama_chat_builtin_templates [0x7ffc219a1026] in llama.dll
=========         Host Frame: llama_decode [0x7ffc219a914b] in llama.dll
=========         Host Frame: time [0x7ffb88220920] in llama-server-impl.dll
=========         Host Frame: time [0x7ffb88235dfe] in llama-server-impl.dll
=========         Host Frame: time [0x7ffb8827f5a5] in llama-server-impl.dll
=========         Host Frame: llama_server [0x7ffb8818cf5b] in llama-server-impl.dll
=========         Host Frame: std::thread::_Invoke<std::tuple<<lambda_3c4c967af51188f9751dc8f760a540d5> >,0> [0x7ffc2f566140] in llama-cli-impl.dll
=========         Host Frame: wcsrchr [0x7ffcb934cd30] in ucrtbase.dll
=========         Host Frame: BaseThreadInitThunk [0x7ffcb9c8ccb7] in KERNEL32.DLL
=========         Host Frame: RtlUserThreadStart [0x7ffcbbfcad6c] in ntdll.dll
========= 
========= Invalid __global__ write of size 4 bytes
=========     at void quantize_mmq_q8_1<(mmq_q8_1_ds_layout)0, (bool)1>(const float *, const int *, void *, long long, long long, long long, long long, long long, int, int, int)+0x800
=========     by thread (56,0,0) in block (42,1,0)
=========     Access to 0x2fd1df67c0 is out of bounds
=========     and is 145,246,611,393 bytes after the nearest allocation at 0xe00600000 of size 2,097,152 bytes
=========     Saved host backtrace up to driver entry point at kernel launch time
=========         Host Frame: cuLaunchKernel [0x7ffc276fd9e8] in nvcuda64.dll
=========         Host Frame:  [0xdc5e] in nvcudart_hybrid64.dll
=========         Host Frame: _cudaGetProcAddress [0x7ffc204e4f73] in nvcudart_hybrid64.dll
=========         Host Frame: _cudaGetProcAddress [0x7ffc204a8121] in nvcudart_hybrid64.dll
=========         Host Frame: ggml_backend_is_cuda [0x7ffb3a91900a] in ggml-cuda.dll
=========         Host Frame: ggml_backend_is_cuda [0x7ffb3a0e8bfb] in ggml-cuda.dll
=========         Host Frame: ggml_backend_is_cuda [0x7ffb3a0ea082] in ggml-cuda.dll
=========         Host Frame: ggml_backend_is_cuda [0x7ffb3a01169f] in ggml-cuda.dll
=========         Host Frame:  [0x12ac88] in ggml-cuda.dll
=========         Host Frame:  [0x1271e5] in ggml-cuda.dll
=========         Host Frame:  [0x1288a3] in ggml-cuda.dll
=========         Host Frame:  [0x118224] in ggml-cuda.dll
=========         Host Frame: ggml_tallocr_new [0x7ffc826d6968] in ggml-base.dll
=========         Host Frame: llama_set_nextn_layer_offset [0x7ffc219a68b9] in llama.dll
=========         Host Frame: llama_chat_builtin_templates [0x7ffc219a1026] in llama.dll
=========         Host Frame: llama_decode [0x7ffc219a914b] in llama.dll
=========         Host Frame: time [0x7ffb88220920] in llama-server-impl.dll
=========         Host Frame: time [0x7ffb88235dfe] in llama-server-impl.dll
=========         Host Frame: time [0x7ffb8827f5a5] in llama-server-impl.dll
=========         Host Frame: llama_server [0x7ffb8818cf5b] in llama-server-impl.dll
=========         Host Frame: std::thread::_Invoke<std::tuple<<lambda_3c4c967af51188f9751dc8f760a540d5> >,0> [0x7ffc2f566140] in llama-cli-impl.dll
=========         Host Frame: wcsrchr [0x7ffcb934cd30] in ucrtbase.dll
=========         Host Frame: BaseThreadInitThunk [0x7ffcb9c8ccb7] in KERNEL32.DLL
=========         Host Frame: RtlUserThreadStart [0x7ffcbbfcad6c] in ntdll.dll
========= 
========= Invalid __global__ write of size 4 bytes
=========     at void quantize_mmq_q8_1<(mmq_q8_1_ds_layout)0, (bool)1>(const float *, const int *, void *, long long, long long, long long, long long, long long, int, int, int)+0x800
=========     by thread (57,0,0) in block (42,1,0)
=========     Access to 0x2fd1df67c4 is out of bounds
=========     and is 145,246,611,397 bytes after the nearest allocation at 0xe00600000 of size 2,097,152 bytes
=========     Saved host backtrace up to driver entry point at kernel launch time
=========         Host Frame: cuLaunchKernel [0x7ffc276fd9e8] in nvcuda64.dll
=========         Host Frame:  [0xdc5e] in nvcudart_hybrid64.dll
=========         Host Frame: _cudaGetProcAddress [0x7ffc204e4f73] in nvcudart_hybrid64.dll
=========         Host Frame: _cudaGetProcAddress [0x7ffc204a8121] in nvcudart_hybrid64.dll
=========         Host Frame: ggml_backend_is_cuda [0x7ffb3a91900a] in ggml-cuda.dll
=========         Host Frame: ggml_backend_is_cuda [0x7ffb3a0e8bfb] in ggml-cuda.dll
=========         Host Frame: ggml_backend_is_cuda [0x7ffb3a0ea082] in ggml-cuda.dll
=========         Host Frame: ggml_backend_is_cuda [0x7ffb3a01169f] in ggml-cuda.dll
=========         Host Frame:  [0x12ac88] in ggml-cuda.dll
=========         Host Frame:  [0x1271e5] in ggml-cuda.dll
=========         Host Frame:  [0x1288a3] in ggml-cuda.dll
=========         Host Frame:  [0x118224] in ggml-cuda.dll
=========         Host Frame: ggml_tallocr_new [0x7ffc826d6968] in ggml-base.dll
=========         Host Frame: llama_set_nextn_layer_offset [0x7ffc219a68b9] in llama.dll
=========         Host Frame: llama_chat_builtin_templates [0x7ffc219a1026] in llama.dll
=========         Host Frame: llama_decode [0x7ffc219a914b] in llama.dll
=========         Host Frame: time [0x7ffb88220920] in llama-server-impl.dll
=========         Host Frame: time [0x7ffb88235dfe] in llama-server-impl.dll
=========         Host Frame: time [0x7ffb8827f5a5] in llama-server-impl.dll
=========         Host Frame: llama_server [0x7ffb8818cf5b] in llama-server-impl.dll
=========         Host Frame: std::thread::_Invoke<std::tuple<<lambda_3c4c967af51188f9751dc8f760a540d5> >,0> [0x7ffc2f566140] in llama-cli-impl.dll
=========         Host Frame: wcsrchr [0x7ffcb934cd30] in ucrtbase.dll
=========         Host Frame: BaseThreadInitThunk [0x7ffcb9c8ccb7] in KERNEL32.DLL
=========         Host Frame: RtlUserThreadStart [0x7ffcbbfcad6c] in ntdll.dll
========= 
========= Invalid __global__ write of size 4 bytes
=========     at void quantize_mmq_q8_1<(mmq_q8_1_ds_layout)0, (bool)1>(const float *, const int *, void *, long long, long long, long long, long long, long long, int, int, int)+0x800
=========     by thread (58,0,0) in block (42,1,0)
=========     Access to 0x2fd1df67c8 is out of bounds
=========     and is 145,246,611,401 bytes after the nearest allocation at 0xe00600000 of size 2,097,152 bytes
=========     Saved host backtrace up to driver entry point at kernel launch time
=========         Host Frame: cuLaunchKernel [0x7ffc276fd9e8] in nvcuda64.dll
=========         Host Frame:  [0xdc5e] in nvcudart_hybrid64.dll
=========         Host Frame: _cudaGetProcAddress [0x7ffc204e4f73] in nvcudart_hybrid64.dll
=========         Host Frame: _cudaGetProcAddress [0x7ffc204a8121] in nvcudart_hybrid64.dll
=========         Host Frame: ggml_backend_is_cuda [0x7ffb3a91900a] in ggml-cuda.dll
=========         Host Frame: ggml_backend_is_cuda [0x7ffb3a0e8bfb] in ggml-cuda.dll
=========         Host Frame: ggml_backend_is_cuda [0x7ffb3a0ea082] in ggml-cuda.dll
=========         Host Frame: ggml_backend_is_cuda [0x7ffb3a01169f] in ggml-cuda.dll
=========         Host Frame:  [0x12ac88] in ggml-cuda.dll
=========         Host Frame:  [0x1271e5] in ggml-cuda.dll
=========         Host Frame:  [0x1288a3] in ggml-cuda.dll
=========         Host Frame:  [0x118224] in ggml-cuda.dll
=========         Host Frame: ggml_tallocr_new [0x7ffc826d6968] in ggml-base.dll
=========         Host Frame: llama_set_nextn_layer_offset [0x7ffc219a68b9] in llama.dll
=========         Host Frame: llama_chat_builtin_templates [0x7ffc219a1026] in llama.dll
=========         Host Frame: llama_decode [0x7ffc219a914b] in llama.dll
=========         Host Frame: time [0x7ffb88220920] in llama-server-impl.dll
=========         Host Frame: time [0x7ffb88235dfe] in llama-server-impl.dll
=========         Host Frame: time [0x7ffb8827f5a5] in llama-server-impl.dll
=========         Host Frame: llama_server [0x7ffb8818cf5b] in llama-server-impl.dll
=========         Host Frame: std::thread::_Invoke<std::tuple<<lambda_3c4c967af51188f9751dc8f760a540d5> >,0> [0x7ffc2f566140] in llama-cli-impl.dll
=========         Host Frame: wcsrchr [0x7ffcb934cd30] in ucrtbase.dll
=========         Host Frame: BaseThreadInitThunk [0x7ffcb9c8ccb7] in KERNEL32.DLL
=========         Host Frame: RtlUserThreadStart [0x7ffcbbfcad6c] in ntdll.dll
========= 
========= Invalid __global__ write of size 4 bytes
=========     at void quantize_mmq_q8_1<(mmq_q8_1_ds_layout)0, (bool)1>(const float *, const int *, void *, long long, long long, long long, long long, long long, int, int, int)+0x800
=========     by thread (59,0,0) in block (42,1,0)
=========     Access to 0x2fd1df67cc is out of bounds
=========     and is 145,246,611,405 bytes after the nearest allocation at 0xe00600000 of size 2,097,152 bytes
=========     Saved host backtrace up to driver entry point at kernel launch time
=========         Host Frame: cuLaunchKernel [0x7ffc276fd9e8] in nvcuda64.dll
=========         Host Frame:  [0xdc5e] in nvcudart_hybrid64.dll
=========         Host Frame: _cudaGetProcAddress [0x7ffc204e4f73] in nvcudart_hybrid64.dll
=========         Host Frame: _cudaGetProcAddress [0x7ffc204a8121] in nvcudart_hybrid64.dll
=========         Host Frame: ggml_backend_is_cuda [0x7ffb3a91900a] in ggml-cuda.dll
=========         Host Frame: ggml_backend_is_cuda [0x7ffb3a0e8bfb] in ggml-cuda.dll
=========         Host Frame: ggml_backend_is_cuda [0x7ffb3a0ea082] in ggml-cuda.dll
=========         Host Frame: ggml_backend_is_cuda [0x7ffb3a01169f] in ggml-cuda.dll
=========         Host Frame:  [0x12ac88] in ggml-cuda.dll
=========         Host Frame:  [0x1271e5] in ggml-cuda.dll
=========         Host Frame:  [0x1288a3] in ggml-cuda.dll
=========         Host Frame:  [0x118224] in ggml-cuda.dll
=========         Host Frame: ggml_tallocr_new [0x7ffc826d6968] in ggml-base.dll
=========         Host Frame: llama_set_nextn_layer_offset [0x7ffc219a68b9] in llama.dll
=========         Host Frame: llama_chat_builtin_templates [0x7ffc219a1026] in llama.dll
=========         Host Frame: llama_decode [0x7ffc219a914b] in llama.dll
=========         Host Frame: time [0x7ffb88220920] in llama-server-impl.dll
=========         Host Frame: time [0x7ffb88235dfe] in llama-server-impl.dll
=========         Host Frame: time [0x7ffb8827f5a5] in llama-server-impl.dll
=========         Host Frame: llama_server [0x7ffb8818cf5b] in llama-server-impl.dll
=========         Host Frame: std::thread::_Invoke<std::tuple<<lambda_3c4c967af51188f9751dc8f760a540d5> >,0> [0x7ffc2f566140] in llama-cli-impl.dll
=========         Host Frame: wcsrchr [0x7ffcb934cd30] in ucrtbase.dll
=========         Host Frame: BaseThreadInitThunk [0x7ffcb9c8ccb7] in KERNEL32.DLL
=========         Host Frame: RtlUserThreadStart [0x7ffcbbfcad6c] in ntdll.dll
========= 
========= Invalid __global__ write of size 4 bytes
=========     at void quantize_mmq_q8_1<(mmq_q8_1_ds_layout)0, (bool)1>(const float *, const int *, void *, long long, long long, long long, long long, long long, int, int, int)+0x800
=========     by thread (60,0,0) in block (42,1,0)
=========     Access to 0x2fd1df67d0 is out of bounds
=========     and is 145,246,611,409 bytes after the nearest allocation at 0xe00600000 of size 2,097,152 bytes
=========     Saved host backtrace up to driver entry point at kernel launch time
=========         Host Frame: cuLaunchKernel [0x7ffc276fd9e8] in nvcuda64.dll
=========         Host Frame:  [0xdc5e] in nvcudart_hybrid64.dll
=========         Host Frame: _cudaGetProcAddress [0x7ffc204e4f73] in nvcudart_hybrid64.dll
=========         Host Frame: _cudaGetProcAddress [0x7ffc204a8121] in nvcudart_hybrid64.dll
=========         Host Frame: ggml_backend_is_cuda [0x7ffb3a91900a] in ggml-cuda.dll
=========         Host Frame: ggml_backend_is_cuda [0x7ffb3a0e8bfb] in ggml-cuda.dll
=========         Host Frame: ggml_backend_is_cuda [0x7ffb3a0ea082] in ggml-cuda.dll
=========         Host Frame: ggml_backend_is_cuda [0x7ffb3a01169f] in ggml-cuda.dll
=========         Host Frame:  [0x12ac88] in ggml-cuda.dll
=========         Host Frame:  [0x1271e5] in ggml-cuda.dll
=========         Host Frame:  [0x1288a3] in ggml-cuda.dll
=========         Host Frame:  [0x118224] in ggml-cuda.dll
=========         Host Frame: ggml_tallocr_new [0x7ffc826d6968] in ggml-base.dll
=========         Host Frame: llama_set_nextn_layer_offset [0x7ffc219a68b9] in llama.dll
=========         Host Frame: llama_chat_builtin_templates [0x7ffc219a1026] in llama.dll
=========         Host Frame: llama_decode [0x7ffc219a914b] in llama.dll
=========         Host Frame: time [0x7ffb88220920] in llama-server-impl.dll
=========         Host Frame: time [0x7ffb88235dfe] in llama-server-impl.dll
=========         Host Frame: time [0x7ffb8827f5a5] in llama-server-impl.dll
=========         Host Frame: llama_server [0x7ffb8818cf5b] in llama-server-impl.dll
=========         Host Frame: std::thread::_Invoke<std::tuple<<lambda_3c4c967af51188f9751dc8f760a540d5> >,0> [0x7ffc2f566140] in llama-cli-impl.dll
=========         Host Frame: wcsrchr [0x7ffcb934cd30] in ucrtbase.dll
=========         Host Frame: BaseThreadInitThunk [0x7ffcb9c8ccb7] in KERNEL32.DLL
=========         Host Frame: RtlUserThreadStart [0x7ffcbbfcad6c] in ntdll.dll
========= 
========= Invalid __global__ write of size 4 bytes
=========     at void quantize_mmq_q8_1<(mmq_q8_1_ds_layout)0, (bool)1>(const float *, const int *, void *, long long, long long, long long, long long, long long, int, int, int)+0x800
=========     by thread (61,0,0) in block (42,1,0)
=========     Access to 0x2fd1df67d4 is out of bounds
=========     and is 145,246,611,413 bytes after the nearest allocation at 0xe00600000 of size 2,097,152 bytes
=========     Saved host backtrace up to driver entry point at kernel launch time
=========         Host Frame: cuLaunchKernel [0x7ffc276fd9e8] in nvcuda64.dll
=========         Host Frame:  [0xdc5e] in nvcudart_hybrid64.dll
=========         Host Frame: _cudaGetProcAddress [0x7ffc204e4f73] in nvcudart_hybrid64.dll
=========         Host Frame: _cudaGetProcAddress [0x7ffc204a8121] in nvcudart_hybrid64.dll
=========         Host Frame: ggml_backend_is_cuda [0x7ffb3a91900a] in ggml-cuda.dll
=========         Host Frame: ggml_backend_is_cuda [0x7ffb3a0e8bfb] in ggml-cuda.dll
=========         Host Frame: ggml_backend_is_cuda [0x7ffb3a0ea082] in ggml-cuda.dll
=========         Host Frame: ggml_backend_is_cuda [0x7ffb3a01169f] in ggml-cuda.dll
=========         Host Frame:  [0x12ac88] in ggml-cuda.dll
=========         Host Frame:  [0x1271e5] in ggml-cuda.dll
=========         Host Frame:  [0x1288a3] in ggml-cuda.dll
=========         Host Frame:  [0x118224] in ggml-cuda.dll
=========         Host Frame: ggml_tallocr_new [0x7ffc826d6968] in ggml-base.dll
=========         Host Frame: llama_set_nextn_layer_offset [0x7ffc219a68b9] in llama.dll
=========         Host Frame: llama_chat_builtin_templates [0x7ffc219a1026] in llama.dll
=========         Host Frame: llama_decode [0x7ffc219a914b] in llama.dll
=========         Host Frame: time [0x7ffb88220920] in llama-server-impl.dll
=========         Host Frame: time [0x7ffb88235dfe] in llama-server-impl.dll
=========         Host Frame: time [0x7ffb8827f5a5] in llama-server-impl.dll
=========         Host Frame: llama_server [0x7ffb8818cf5b] in llama-server-impl.dll
=========         Host Frame: std::thread::_Invoke<std::tuple<<lambda_3c4c967af51188f9751dc8f760a540d5> >,0> [0x7ffc2f566140] in llama-cli-impl.dll
=========         Host Frame: wcsrchr [0x7ffcb934cd30] in ucrtbase.dll
=========         Host Frame: BaseThreadInitThunk [0x7ffcb9c8ccb7] in KERNEL32.DLL
=========         Host Frame: RtlUserThreadStart [0x7ffcbbfcad6c] in ntdll.dll
========= 
========= Invalid __global__ write of size 4 bytes
=========     at void quantize_mmq_q8_1<(mmq_q8_1_ds_layout)0, (bool)1>(const float *, const int *, void *, long long, long long, long long, long long, long long, int, int, int)+0x800
=========     by thread (62,0,0) in block (42,1,0)
=========     Access to 0x2fd1df67d8 is out of bounds
=========     and is 145,246,611,417 bytes after the nearest allocation at 0xe00600000 of size 2,097,152 bytes
=========     Saved host backtrace up to driver entry point at kernel launch time
=========         Host Frame: cuLaunchKernel [0x7ffc276fd9e8] in nvcuda64.dll
=========         Host Frame:  [0xdc5e] in nvcudart_hybrid64.dll
=========         Host Frame: _cudaGetProcAddress [0x7ffc204e4f73] in nvcudart_hybrid64.dll
=========         Host Frame: _cudaGetProcAddress [0x7ffc204a8121] in nvcudart_hybrid64.dll
=========         Host Frame: ggml_backend_is_cuda [0x7ffb3a91900a] in ggml-cuda.dll
=========         Host Frame: ggml_backend_is_cuda [0x7ffb3a0e8bfb] in ggml-cuda.dll
=========         Host Frame: ggml_backend_is_cuda [0x7ffb3a0ea082] in ggml-cuda.dll
=========         Host Frame: ggml_backend_is_cuda [0x7ffb3a01169f] in ggml-cuda.dll
=========         Host Frame:  [0x12ac88] in ggml-cuda.dll
=========         Host Frame:  [0x1271e5] in ggml-cuda.dll
=========         Host Frame:  [0x1288a3] in ggml-cuda.dll
=========         Host Frame:  [0x118224] in ggml-cuda.dll
=========         Host Frame: ggml_tallocr_new [0x7ffc826d6968] in ggml-base.dll
=========         Host Frame: llama_set_nextn_layer_offset [0x7ffc219a68b9] in llama.dll
=========         Host Frame: llama_chat_builtin_templates [0x7ffc219a1026] in llama.dll
=========         Host Frame: llama_decode [0x7ffc219a914b] in llama.dll
=========         Host Frame: time [0x7ffb88220920] in llama-server-impl.dll
=========         Host Frame: time [0x7ffb88235dfe] in llama-server-impl.dll
=========         Host Frame: time [0x7ffb8827f5a5] in llama-server-impl.dll
=========         Host Frame: llama_server [0x7ffb8818cf5b] in llama-server-impl.dll
=========         Host Frame: std::thread::_Invoke<std::tuple<<lambda_3c4c967af51188f9751dc8f760a540d5> >,0> [0x7ffc2f566140] in llama-cli-impl.dll
=========         Host Frame: wcsrchr [0x7ffcb934cd30] in ucrtbase.dll
=========         Host Frame: BaseThreadInitThunk [0x7ffcb9c8ccb7] in KERNEL32.DLL
=========         Host Frame: RtlUserThreadStart [0x7ffcbbfcad6c] in ntdll.dll
========= 
========= Invalid __global__ write of size 4 bytes
=========     at void quantize_mmq_q8_1<(mmq_q8_1_ds_layout)0, (bool)1>(const float *, const int *, void *, long long, long long, long long, long long, long long, int, int, int)+0x800
=========     by thread (63,0,0) in block (42,1,0)
=========     Access to 0x2fd1df67dc is out of bounds
=========     and is 145,246,611,421 bytes after the nearest allocation at 0xe00600000 of size 2,097,152 bytes
=========     Saved host backtrace up to driver entry point at kernel launch time
=========         Host Frame: cuLaunchKernel [0x7ffc276fd9e8] in nvcuda64.dll
=========         Host Frame:  [0xdc5e] in nvcudart_hybrid64.dll
=========         Host Frame: _cudaGetProcAddress [0x7ffc204e4f73] in nvcudart_hybrid64.dll
=========         Host Frame: _cudaGetProcAddress [0x7ffc204a8121] in nvcudart_hybrid64.dll
=========         Host Frame: ggml_backend_is_cuda [0x7ffb3a91900a] in ggml-cuda.dll
=========         Host Frame: ggml_backend_is_cuda [0x7ffb3a0e8bfb] in ggml-cuda.dll
=========         Host Frame: ggml_backend_is_cuda [0x7ffb3a0ea082] in ggml-cuda.dll
=========         Host Frame: ggml_backend_is_cuda [0x7ffb3a01169f] in ggml-cuda.dll
=========         Host Frame:  [0x12ac88] in ggml-cuda.dll
=========         Host Frame:  [0x1271e5] in ggml-cuda.dll
=========         Host Frame:  [0x1288a3] in ggml-cuda.dll
=========         Host Frame:  [0x118224] in ggml-cuda.dll
=========         Host Frame: ggml_tallocr_new [0x7ffc826d6968] in ggml-base.dll
=========         Host Frame: llama_set_nextn_layer_offset [0x7ffc219a68b9] in llama.dll
=========         Host Frame: llama_chat_builtin_templates [0x7ffc219a1026] in llama.dll
=========         Host Frame: llama_decode [0x7ffc219a914b] in llama.dll
=========         Host Frame: time [0x7ffb88220920] in llama-server-impl.dll
=========         Host Frame: time [0x7ffb88235dfe] in llama-server-impl.dll
=========         Host Frame: time [0x7ffb8827f5a5] in llama-server-impl.dll
=========         Host Frame: llama_server [0x7ffb8818cf5b] in llama-server-impl.dll
=========         Host Frame: std::thread::_Invoke<std::tuple<<lambda_3c4c967af51188f9751dc8f760a540d5> >,0> [0x7ffc2f566140] in llama-cli-impl.dll
=========         Host Frame: wcsrchr [0x7ffcb934cd30] in ucrtbase.dll
=========         Host Frame: BaseThreadInitThunk [0x7ffcb9c8ccb7] in KERNEL32.DLL
=========         Host Frame: RtlUserThreadStart [0x7ffcbbfcad6c] in ntdll.dll
========= 
========= Invalid __global__ write of size 4 bytes
=========     at void quantize_mmq_q8_1<(mmq_q8_1_ds_layout)0, (bool)1>(const float *, const int *, void *, long long, long long, long long, long long, long long, int, int, int)+0x800
=========     by thread (0,0,0) in block (43,1,0)
=========     Access to 0x51609ff90 is out of bounds
=========     and is 4,007,002,224 bytes before the nearest allocation at 0x604e00000 of size 517,120 bytes
=========     Saved host backtrace up to driver entry point at kernel launch time
=========         Host Frame: cuLaunchKernel [0x7ffc276fd9e8] in nvcuda64.dll
=========         Host Frame:  [0xdc5e] in nvcudart_hybrid64.dll
=========         Host Frame: _cudaGetProcAddress [0x7ffc204e4f73] in nvcudart_hybrid64.dll
=========         Host Frame: _cudaGetProcAddress [0x7ffc204a8121] in nvcudart_hybrid64.dll
=========         Host Frame: ggml_backend_is_cuda [0x7ffb3a91900a] in ggml-cuda.dll
=========         Host Frame: ggml_backend_is_cuda [0x7ffb3a0e8bfb] in ggml-cuda.dll
=========         Host Frame: ggml_backend_is_cuda [0x7ffb3a0ea082] in ggml-cuda.dll
=========         Host Frame: ggml_backend_is_cuda [0x7ffb3a01169f] in ggml-cuda.dll
=========         Host Frame:  [0x12ac88] in ggml-cuda.dll
=========         Host Frame:  [0x1271e5] in ggml-cuda.dll
=========         Host Frame:  [0x1288a3] in ggml-cuda.dll
=========         Host Frame:  [0x118224] in ggml-cuda.dll
=========         Host Frame: ggml_tallocr_new [0x7ffc826d6968] in ggml-base.dll
=========         Host Frame: llama_set_nextn_layer_offset [0x7ffc219a68b9] in llama.dll
=========         Host Frame: llama_chat_builtin_templates [0x7ffc219a1026] in llama.dll
=========         Host Frame: llama_decode [0x7ffc219a914b] in llama.dll
=========         Host Frame: time [0x7ffb88220920] in llama-server-impl.dll
=========         Host Frame: time [0x7ffb88235dfe] in llama-server-impl.dll
=========         Host Frame: time [0x7ffb8827f5a5] in llama-server-impl.dll
=========         Host Frame: llama_server [0x7ffb8818cf5b] in llama-server-impl.dll
=========         Host Frame: std::thread::_Invoke<std::tuple<<lambda_3c4c967af51188f9751dc8f760a540d5> >,0> [0x7ffc2f566140] in llama-cli-impl.dll
=========         Host Frame: wcsrchr [0x7ffcb934cd30] in ucrtbase.dll
=========         Host Frame: BaseThreadInitThunk [0x7ffcb9c8ccb7] in KERNEL32.DLL
=========         Host Frame: RtlUserThreadStart [0x7ffcbbfcad6c] in ntdll.dll
========= 
========= Invalid __global__ write of size 4 bytes
=========     at void quantize_mmq_q8_1<(mmq_q8_1_ds_layout)0, (bool)1>(const float *, const int *, void *, long long, long long, long long, long long, long long, int, int, int)+0x800
=========     by thread (1,0,0) in block (43,1,0)
=========     Access to 0x51609ff94 is out of bounds
=========     and is 4,007,002,220 bytes before the nearest allocation at 0x604e00000 of size 517,120 bytes
=========     Saved host backtrace up to driver entry point at kernel launch time
=========         Host Frame: cuLaunchKernel [0x7ffc276fd9e8] in nvcuda64.dll
=========         Host Frame:  [0xdc5e] in nvcudart_hybrid64.dll
=========         Host Frame: _cudaGetProcAddress [0x7ffc204e4f73] in nvcudart_hybrid64.dll
=========         Host Frame: _cudaGetProcAddress [0x7ffc204a8121] in nvcudart_hybrid64.dll
=========         Host Frame: ggml_backend_is_cuda [0x7ffb3a91900a] in ggml-cuda.dll
=========         Host Frame: ggml_backend_is_cuda [0x7ffb3a0e8bfb] in ggml-cuda.dll
=========         Host Frame: ggml_backend_is_cuda [0x7ffb3a0ea082] in ggml-cuda.dll
=========         Host Frame: ggml_backend_is_cuda [0x7ffb3a01169f] in ggml-cuda.dll
=========         Host Frame:  [0x12ac88] in ggml-cuda.dll
=========         Host Frame:  [0x1271e5] in ggml-cuda.dll
=========         Host Frame:  [0x1288a3] in ggml-cuda.dll
=========         Host Frame:  [0x118224] in ggml-cuda.dll
=========         Host Frame: ggml_tallocr_new [0x7ffc826d6968] in ggml-base.dll
=========         Host Frame: llama_set_nextn_layer_offset [0x7ffc219a68b9] in llama.dll
=========         Host Frame: llama_chat_builtin_templates [0x7ffc219a1026] in llama.dll
=========         Host Frame: llama_decode [0x7ffc219a914b] in llama.dll
=========         Host Frame: time [0x7ffb88220920] in llama-server-impl.dll
=========         Host Frame: time [0x7ffb88235dfe] in llama-server-impl.dll
=========         Host Frame: time [0x7ffb8827f5a5] in llama-server-impl.dll
=========         Host Frame: llama_server [0x7ffb8818cf5b] in llama-server-impl.dll
=========         Host Frame: std::thread::_Invoke<std::tuple<<lambda_3c4c967af51188f9751dc8f760a540d5> >,0> [0x7ffc2f566140] in llama-cli-impl.dll
=========         Host Frame: wcsrchr [0x7ffcb934cd30] in ucrtbase.dll
=========         Host Frame: BaseThreadInitThunk [0x7ffcb9c8ccb7] in KERNEL32.DLL
=========         Host Frame: RtlUserThreadStart [0x7ffcbbfcad6c] in ntdll.dll
========= 
========= Invalid __global__ write of size 4 bytes
=========     at void quantize_mmq_q8_1<(mmq_q8_1_ds_layout)0, (bool)1>(const float *, const int *, void *, long long, long long, long long, long long, long long, int, int, int)+0x800
=========     by thread (2,0,0) in block (43,1,0)
=========     Access to 0x51609ff98 is out of bounds
=========     and is 4,007,002,216 bytes before the nearest allocation at 0x604e00000 of size 517,120 bytes
=========     Saved host backtrace up to driver entry point at kernel launch time
=========         Host Frame: cuLaunchKernel [0x7ffc276fd9e8] in nvcuda64.dll
=========         Host Frame:  [0xdc5e] in nvcudart_hybrid64.dll
=========         Host Frame: _cudaGetProcAddress [0x7ffc204e4f73] in nvcudart_hybrid64.dll
=========         Host Frame: _cudaGetProcAddress [0x7ffc204a8121] in nvcudart_hybrid64.dll
=========         Host Frame: ggml_backend_is_cuda [0x7ffb3a91900a] in ggml-cuda.dll
=========         Host Frame: ggml_backend_is_cuda [0x7ffb3a0e8bfb] in ggml-cuda.dll
=========         Host Frame: ggml_backend_is_cuda [0x7ffb3a0ea082] in ggml-cuda.dll
=========         Host Frame: ggml_backend_is_cuda [0x7ffb3a01169f] in ggml-cuda.dll
=========         Host Frame:  [0x12ac88] in ggml-cuda.dll
=========         Host Frame:  [0x1271e5] in ggml-cuda.dll
=========         Host Frame:  [0x1288a3] in ggml-cuda.dll
=========         Host Frame:  [0x118224] in ggml-cuda.dll
=========         Host Frame: ggml_tallocr_new [0x7ffc826d6968] in ggml-base.dll
=========         Host Frame: llama_set_nextn_layer_offset [0x7ffc219a68b9] in llama.dll
=========         Host Frame: llama_chat_builtin_templates [0x7ffc219a1026] in llama.dll
=========         Host Frame: llama_decode [0x7ffc219a914b] in llama.dll
=========         Host Frame: time [0x7ffb88220920] in llama-server-impl.dll
=========         Host Frame: time [0x7ffb88235dfe] in llama-server-impl.dll
=========         Host Frame: time [0x7ffb8827f5a5] in llama-server-impl.dll
=========         Host Frame: llama_server [0x7ffb8818cf5b] in llama-server-impl.dll
=========         Host Frame: std::thread::_Invoke<std::tuple<<lambda_3c4c967af51188f9751dc8f760a540d5> >,0> [0x7ffc2f566140] in llama-cli-impl.dll
=========         Host Frame: wcsrchr [0x7ffcb934cd30] in ucrtbase.dll
=========         Host Frame: BaseThreadInitThunk [0x7ffcb9c8ccb7] in KERNEL32.DLL
=========         Host Frame: RtlUserThreadStart [0x7ffcbbfcad6c] in ntdll.dll
========= 
========= Invalid __global__ write of size 4 bytes
=========     at void quantize_mmq_q8_1<(mmq_q8_1_ds_layout)0, (bool)1>(const float *, const int *, void *, long long, long long, long long, long long, long long, int, int, int)+0x800
=========     by thread (3,0,0) in block (43,1,0)
=========     Access to 0x51609ff9c is out of bounds
=========     and is 4,007,002,212 bytes before the nearest allocation at 0x604e00000 of size 517,120 bytes
=========     Saved host backtrace up to driver entry point at kernel launch time
=========         Host Frame: cuLaunchKernel [0x7ffc276fd9e8] in nvcuda64.dll
=========         Host Frame:  [0xdc5e] in nvcudart_hybrid64.dll
=========         Host Frame: _cudaGetProcAddress [0x7ffc204e4f73] in nvcudart_hybrid64.dll
=========         Host Frame: _cudaGetProcAddress [0x7ffc204a8121] in nvcudart_hybrid64.dll
=========         Host Frame: ggml_backend_is_cuda [0x7ffb3a91900a] in ggml-cuda.dll
=========         Host Frame: ggml_backend_is_cuda [0x7ffb3a0e8bfb] in ggml-cuda.dll
=========         Host Frame: ggml_backend_is_cuda [0x7ffb3a0ea082] in ggml-cuda.dll
=========         Host Frame: ggml_backend_is_cuda [0x7ffb3a01169f] in ggml-cuda.dll
=========         Host Frame:  [0x12ac88] in ggml-cuda.dll
=========         Host Frame:  [0x1271e5] in ggml-cuda.dll
=========         Host Frame:  [0x1288a3] in ggml-cuda.dll
=========         Host Frame:  [0x118224] in ggml-cuda.dll
=========         Host Frame: ggml_tallocr_new [0x7ffc826d6968] in ggml-base.dll
=========         Host Frame: llama_set_nextn_layer_offset [0x7ffc219a68b9] in llama.dll
=========         Host Frame: llama_chat_builtin_templates [0x7ffc219a1026] in llama.dll
=========         Host Frame: llama_decode [0x7ffc219a914b] in llama.dll
=========         Host Frame: time [0x7ffb88220920] in llama-server-impl.dll
=========         Host Frame: time [0x7ffb88235dfe] in llama-server-impl.dll
=========         Host Frame: time [0x7ffb8827f5a5] in llama-server-impl.dll
=========         Host Frame: llama_server [0x7ffb8818cf5b] in llama-server-impl.dll
=========         Host Frame: std::thread::_Invoke<std::tuple<<lambda_3c4c967af51188f9751dc8f760a540d5> >,0> [0x7ffc2f566140] in llama-cli-impl.dll
=========         Host Frame: wcsrchr [0x7ffcb934cd30] in ucrtbase.dll
=========         Host Frame: BaseThreadInitThunk [0x7ffcb9c8ccb7] in KERNEL32.DLL
=========         Host Frame: RtlUserThreadStart [0x7ffcbbfcad6c] in ntdll.dll
========= 
========= Invalid __global__ write of size 4 bytes
=========     at void quantize_mmq_q8_1<(mmq_q8_1_ds_layout)0, (bool)1>(const float *, const int *, void *, long long, long long, long long, long long, long long, int, int, int)+0x800
=========     by thread (4,0,0) in block (43,1,0)
=========     Access to 0x51609ffa0 is out of bounds
=========     and is 4,007,002,208 bytes before the nearest allocation at 0x604e00000 of size 517,120 bytes
=========     Saved host backtrace up to driver entry point at kernel launch time
=========         Host Frame: cuLaunchKernel [0x7ffc276fd9e8] in nvcuda64.dll
=========         Host Frame:  [0xdc5e] in nvcudart_hybrid64.dll
=========         Host Frame: _cudaGetProcAddress [0x7ffc204e4f73] in nvcudart_hybrid64.dll
=========         Host Frame: _cudaGetProcAddress [0x7ffc204a8121] in nvcudart_hybrid64.dll
=========         Host Frame: ggml_backend_is_cuda [0x7ffb3a91900a] in ggml-cuda.dll
=========         Host Frame: ggml_backend_is_cuda [0x7ffb3a0e8bfb] in ggml-cuda.dll
=========         Host Frame: ggml_backend_is_cuda [0x7ffb3a0ea082] in ggml-cuda.dll
=========         Host Frame: ggml_backend_is_cuda [0x7ffb3a01169f] in ggml-cuda.dll
=========         Host Frame:  [0x12ac88] in ggml-cuda.dll
=========         Host Frame:  [0x1271e5] in ggml-cuda.dll
=========         Host Frame:  [0x1288a3] in ggml-cuda.dll
=========         Host Frame:  [0x118224] in ggml-cuda.dll
=========         Host Frame: ggml_tallocr_new [0x7ffc826d6968] in ggml-base.dll
=========         Host Frame: llama_set_nextn_layer_offset [0x7ffc219a68b9] in llama.dll
=========         Host Frame: llama_chat_builtin_templates [0x7ffc219a1026] in llama.dll
=========         Host Frame: llama_decode [0x7ffc219a914b] in llama.dll
=========         Host Frame: time [0x7ffb88220920] in llama-server-impl.dll
=========         Host Frame: time [0x7ffb88235dfe] in llama-server-impl.dll
=========         Host Frame: time [0x7ffb8827f5a5] in llama-server-impl.dll
=========         Host Frame: llama_server [0x7ffb8818cf5b] in llama-server-impl.dll
=========         Host Frame: std::thread::_Invoke<std::tuple<<lambda_3c4c967af51188f9751dc8f760a540d5> >,0> [0x7ffc2f566140] in llama-cli-impl.dll
=========         Host Frame: wcsrchr [0x7ffcb934cd30] in ucrtbase.dll
=========         Host Frame: BaseThreadInitThunk [0x7ffcb9c8ccb7] in KERNEL32.DLL
=========         Host Frame: RtlUserThreadStart [0x7ffcbbfcad6c] in ntdll.dll
========= 
========= Invalid __global__ write of size 4 bytes
=========     at void quantize_mmq_q8_1<(mmq_q8_1_ds_layout)0, (bool)1>(const float *, const int *, void *, long long, long long, long long, long long, long long, int, int, int)+0x800
=========     by thread (5,0,0) in block (43,1,0)
=========     Access to 0x51609ffa4 is out of bounds
=========     and is 4,007,002,204 bytes before the nearest allocation at 0x604e00000 of size 517,120 bytes
=========     Saved host backtrace up to driver entry point at kernel launch time
=========         Host Frame: cuLaunchKernel [0x7ffc276fd9e8] in nvcuda64.dll
=========         Host Frame:  [0xdc5e] in nvcudart_hybrid64.dll
=========         Host Frame: _cudaGetProcAddress [0x7ffc204e4f73] in nvcudart_hybrid64.dll
=========         Host Frame: _cudaGetProcAddress [0x7ffc204a8121] in nvcudart_hybrid64.dll
=========         Host Frame: ggml_backend_is_cuda [0x7ffb3a91900a] in ggml-cuda.dll
=========         Host Frame: ggml_backend_is_cuda [0x7ffb3a0e8bfb] in ggml-cuda.dll
=========         Host Frame: ggml_backend_is_cuda [0x7ffb3a0ea082] in ggml-cuda.dll
=========         Host Frame: ggml_backend_is_cuda [0x7ffb3a01169f] in ggml-cuda.dll
=========         Host Frame:  [0x12ac88] in ggml-cuda.dll
=========         Host Frame:  [0x1271e5] in ggml-cuda.dll
=========         Host Frame:  [0x1288a3] in ggml-cuda.dll
=========         Host Frame:  [0x118224] in ggml-cuda.dll
=========         Host Frame: ggml_tallocr_new [0x7ffc826d6968] in ggml-base.dll
=========         Host Frame: llama_set_nextn_layer_offset [0x7ffc219a68b9] in llama.dll
=========         Host Frame: llama_chat_builtin_templates [0x7ffc219a1026] in llama.dll
=========         Host Frame: llama_decode [0x7ffc219a914b] in llama.dll
=========         Host Frame: time [0x7ffb88220920] in llama-server-impl.dll
=========         Host Frame: time [0x7ffb88235dfe] in llama-server-impl.dll
=========         Host Frame: time [0x7ffb8827f5a5] in llama-server-impl.dll
=========         Host Frame: llama_server [0x7ffb8818cf5b] in llama-server-impl.dll
=========         Host Frame: std::thread::_Invoke<std::tuple<<lambda_3c4c967af51188f9751dc8f760a540d5> >,0> [0x7ffc2f566140] in llama-cli-impl.dll
=========         Host Frame: wcsrchr [0x7ffcb934cd30] in ucrtbase.dll
=========         Host Frame: BaseThreadInitThunk [0x7ffcb9c8ccb7] in KERNEL32.DLL
=========         Host Frame: RtlUserThreadStart [0x7ffcbbfcad6c] in ntdll.dll
========= 
========= Invalid __global__ write of size 4 bytes
=========     at void quantize_mmq_q8_1<(mmq_q8_1_ds_layout)0, (bool)1>(const float *, const int *, void *, long long, long long, long long, long long, long long, int, int, int)+0x800
=========     by thread (6,0,0) in block (43,1,0)
=========     Access to 0x51609ffa8 is out of bounds
=========     and is 4,007,002,200 bytes before the nearest allocation at 0x604e00000 of size 517,120 bytes
=========     Saved host backtrace up to driver entry point at kernel launch time
=========         Host Frame: cuLaunchKernel [0x7ffc276fd9e8] in nvcuda64.dll
=========         Host Frame:  [0xdc5e] in nvcudart_hybrid64.dll
=========         Host Frame: _cudaGetProcAddress [0x7ffc204e4f73] in nvcudart_hybrid64.dll
=========         Host Frame: _cudaGetProcAddress [0x7ffc204a8121] in nvcudart_hybrid64.dll
=========         Host Frame: ggml_backend_is_cuda [0x7ffb3a91900a] in ggml-cuda.dll
=========         Host Frame: ggml_backend_is_cuda [0x7ffb3a0e8bfb] in ggml-cuda.dll
=========         Host Frame: ggml_backend_is_cuda [0x7ffb3a0ea082] in ggml-cuda.dll
=========         Host Frame: ggml_backend_is_cuda [0x7ffb3a01169f] in ggml-cuda.dll
=========         Host Frame:  [0x12ac88] in ggml-cuda.dll
=========         Host Frame:  [0x1271e5] in ggml-cuda.dll
=========         Host Frame:  [0x1288a3] in ggml-cuda.dll
=========         Host Frame:  [0x118224] in ggml-cuda.dll
=========         Host Frame: ggml_tallocr_new [0x7ffc826d6968] in ggml-base.dll
=========         Host Frame: llama_set_nextn_layer_offset [0x7ffc219a68b9] in llama.dll
=========         Host Frame: llama_chat_builtin_templates [0x7ffc219a1026] in llama.dll
=========         Host Frame: llama_decode [0x7ffc219a914b] in llama.dll
=========         Host Frame: time [0x7ffb88220920] in llama-server-impl.dll
=========         Host Frame: time [0x7ffb88235dfe] in llama-server-impl.dll
=========         Host Frame: time [0x7ffb8827f5a5] in llama-server-impl.dll
=========         Host Frame: llama_server [0x7ffb8818cf5b] in llama-server-impl.dll
=========         Host Frame: std::thread::_Invoke<std::tuple<<lambda_3c4c967af51188f9751dc8f760a540d5> >,0> [0x7ffc2f566140] in llama-cli-impl.dll
=========         Host Frame: wcsrchr [0x7ffcb934cd30] in ucrtbase.dll
=========         Host Frame: BaseThreadInitThunk [0x7ffcb9c8ccb7] in KERNEL32.DLL
=========         Host Frame: RtlUserThreadStart [0x7ffcbbfcad6c] in ntdll.dll
========= 
========= Invalid __global__ write of size 4 bytes
=========     at void quantize_mmq_q8_1<(mmq_q8_1_ds_layout)0, (bool)1>(const float *, const int *, void *, long long, long long, long long, long long, long long, int, int, int)+0x800
=========     by thread (7,0,0) in block (43,1,0)
=========     Access to 0x51609ffac is out of bounds
=========     and is 4,007,002,196 bytes before the nearest allocation at 0x604e00000 of size 517,120 bytes
=========     Saved host backtrace up to driver entry point at kernel launch time
=========         Host Frame: cuLaunchKernel [0x7ffc276fd9e8] in nvcuda64.dll
=========         Host Frame:  [0xdc5e] in nvcudart_hybrid64.dll
=========         Host Frame: _cudaGetProcAddress [0x7ffc204e4f73] in nvcudart_hybrid64.dll
=========         Host Frame: _cudaGetProcAddress [0x7ffc204a8121] in nvcudart_hybrid64.dll
=========         Host Frame: ggml_backend_is_cuda [0x7ffb3a91900a] in ggml-cuda.dll
=========         Host Frame: ggml_backend_is_cuda [0x7ffb3a0e8bfb] in ggml-cuda.dll
=========         Host Frame: ggml_backend_is_cuda [0x7ffb3a0ea082] in ggml-cuda.dll
=========         Host Frame: ggml_backend_is_cuda [0x7ffb3a01169f] in ggml-cuda.dll
=========         Host Frame:  [0x12ac88] in ggml-cuda.dll
=========         Host Frame:  [0x1271e5] in ggml-cuda.dll
=========         Host Frame:  [0x1288a3] in ggml-cuda.dll
=========         Host Frame:  [0x118224] in ggml-cuda.dll
=========         Host Frame: ggml_tallocr_new [0x7ffc826d6968] in ggml-base.dll
=========         Host Frame: llama_set_nextn_layer_offset [0x7ffc219a68b9] in llama.dll
=========         Host Frame: llama_chat_builtin_templates [0x7ffc219a1026] in llama.dll
=========         Host Frame: llama_decode [0x7ffc219a914b] in llama.dll
=========         Host Frame: time [0x7ffb88220920] in llama-server-impl.dll
=========         Host Frame: time [0x7ffb88235dfe] in llama-server-impl.dll
=========         Host Frame: time [0x7ffb8827f5a5] in llama-server-impl.dll
=========         Host Frame: llama_server [0x7ffb8818cf5b] in llama-server-impl.dll
=========         Host Frame: std::thread::_Invoke<std::tuple<<lambda_3c4c967af51188f9751dc8f760a540d5> >,0> [0x7ffc2f566140] in llama-cli-impl.dll
=========         Host Frame: wcsrchr [0x7ffcb934cd30] in ucrtbase.dll
=========         Host Frame: BaseThreadInitThunk [0x7ffcb9c8ccb7] in KERNEL32.DLL
=========         Host Frame: RtlUserThreadStart [0x7ffcbbfcad6c] in ntdll.dll
========= 
========= Invalid __global__ write of size 4 bytes
=========     at void quantize_mmq_q8_1<(mmq_q8_1_ds_layout)0, (bool)1>(const float *, const int *, void *, long long, long long, long long, long long, long long, int, int, int)+0x800
=========     by thread (8,0,0) in block (43,1,0)
=========     Access to 0x51609ffb0 is out of bounds
=========     and is 4,007,002,192 bytes before the nearest allocation at 0x604e00000 of size 517,120 bytes
=========     Saved host backtrace up to driver entry point at kernel launch time
=========         Host Frame: cuLaunchKernel [0x7ffc276fd9e8] in nvcuda64.dll
=========         Host Frame:  [0xdc5e] in nvcudart_hybrid64.dll
=========         Host Frame: _cudaGetProcAddress [0x7ffc204e4f73] in nvcudart_hybrid64.dll
=========         Host Frame: _cudaGetProcAddress [0x7ffc204a8121] in nvcudart_hybrid64.dll
=========         Host Frame: ggml_backend_is_cuda [0x7ffb3a91900a] in ggml-cuda.dll
=========         Host Frame: ggml_backend_is_cuda [0x7ffb3a0e8bfb] in ggml-cuda.dll
=========         Host Frame: ggml_backend_is_cuda [0x7ffb3a0ea082] in ggml-cuda.dll
=========         Host Frame: ggml_backend_is_cuda [0x7ffb3a01169f] in ggml-cuda.dll
=========         Host Frame:  [0x12ac88] in ggml-cuda.dll
=========         Host Frame:  [0x1271e5] in ggml-cuda.dll
=========         Host Frame:  [0x1288a3] in ggml-cuda.dll
=========         Host Frame:  [0x118224] in ggml-cuda.dll
=========         Host Frame: ggml_tallocr_new [0x7ffc826d6968] in ggml-base.dll
=========         Host Frame: llama_set_nextn_layer_offset [0x7ffc219a68b9] in llama.dll
=========         Host Frame: llama_chat_builtin_templates [0x7ffc219a1026] in llama.dll
=========         Host Frame: llama_decode [0x7ffc219a914b] in llama.dll
=========         Host Frame: time [0x7ffb88220920] in llama-server-impl.dll
=========         Host Frame: time [0x7ffb88235dfe] in llama-server-impl.dll
=========         Host Frame: time [0x7ffb8827f5a5] in llama-server-impl.dll
=========         Host Frame: llama_server [0x7ffb8818cf5b] in llama-server-impl.dll
=========         Host Frame: std::thread::_Invoke<std::tuple<<lambda_3c4c967af51188f9751dc8f760a540d5> >,0> [0x7ffc2f566140] in llama-cli-impl.dll
=========         Host Frame: wcsrchr [0x7ffcb934cd30] in ucrtbase.dll
=========         Host Frame: BaseThreadInitThunk [0x7ffcb9c8ccb7] in KERNEL32.DLL
=========         Host Frame: RtlUserThreadStart [0x7ffcbbfcad6c] in ntdll.dll
========= 
========= Invalid __global__ write of size 4 bytes
=========     at void quantize_mmq_q8_1<(mmq_q8_1_ds_layout)0, (bool)1>(const float *, const int *, void *, long long, long long, long long, long long, long long, int, int, int)+0x800
=========     by thread (9,0,0) in block (43,1,0)
=========     Access to 0x51609ffb4 is out of bounds
=========     and is 4,007,002,188 bytes before the nearest allocation at 0x604e00000 of size 517,120 bytes
=========     Saved host backtrace up to driver entry point at kernel launch time
=========         Host Frame: cuLaunchKernel [0x7ffc276fd9e8] in nvcuda64.dll
=========         Host Frame:  [0xdc5e] in nvcudart_hybrid64.dll
=========         Host Frame: _cudaGetProcAddress [0x7ffc204e4f73] in nvcudart_hybrid64.dll
=========         Host Frame: _cudaGetProcAddress [0x7ffc204a8121] in nvcudart_hybrid64.dll
=========         Host Frame: ggml_backend_is_cuda [0x7ffb3a91900a] in ggml-cuda.dll
=========         Host Frame: ggml_backend_is_cuda [0x7ffb3a0e8bfb] in ggml-cuda.dll
=========         Host Frame: ggml_backend_is_cuda [0x7ffb3a0ea082] in ggml-cuda.dll
=========         Host Frame: ggml_backend_is_cuda [0x7ffb3a01169f] in ggml-cuda.dll
=========         Host Frame:  [0x12ac88] in ggml-cuda.dll
=========         Host Frame:  [0x1271e5] in ggml-cuda.dll
=========         Host Frame:  [0x1288a3] in ggml-cuda.dll
=========         Host Frame:  [0x118224] in ggml-cuda.dll
=========         Host Frame: ggml_tallocr_new [0x7ffc826d6968] in ggml-base.dll
=========         Host Frame: llama_set_nextn_layer_offset [0x7ffc219a68b9] in llama.dll
=========         Host Frame: llama_chat_builtin_templates [0x7ffc219a1026] in llama.dll
=========         Host Frame: llama_decode [0x7ffc219a914b] in llama.dll
=========         Host Frame: time [0x7ffb88220920] in llama-server-impl.dll
=========         Host Frame: time [0x7ffb88235dfe] in llama-server-impl.dll
=========         Host Frame: time [0x7ffb8827f5a5] in llama-server-impl.dll
=========         Host Frame: llama_server [0x7ffb8818cf5b] in llama-server-impl.dll
=========         Host Frame: std::thread::_Invoke<std::tuple<<lambda_3c4c967af51188f9751dc8f760a540d5> >,0> [0x7ffc2f566140] in llama-cli-impl.dll
=========         Host Frame: wcsrchr [0x7ffcb934cd30] in ucrtbase.dll
=========         Host Frame: BaseThreadInitThunk [0x7ffcb9c8ccb7] in KERNEL32.DLL
=========         Host Frame: RtlUserThreadStart [0x7ffcbbfcad6c] in ntdll.dll
========= 
========= Invalid __global__ write of size 4 bytes
=========     at void quantize_mmq_q8_1<(mmq_q8_1_ds_layout)0, (bool)1>(const float *, const int *, void *, long long, long long, long long, long long, long long, int, int, int)+0x800
=========     by thread (10,0,0) in block (43,1,0)
=========     Access to 0x51609ffb8 is out of bounds
=========     and is 4,007,002,184 bytes before the nearest allocation at 0x604e00000 of size 517,120 bytes
=========     Saved host backtrace up to driver entry point at kernel launch time
=========         Host Frame: cuLaunchKernel [0x7ffc276fd9e8] in nvcuda64.dll
=========         Host Frame:  [0xdc5e] in nvcudart_hybrid64.dll
=========         Host Frame: _cudaGetProcAddress [0x7ffc204e4f73] in nvcudart_hybrid64.dll
=========         Host Frame: _cudaGetProcAddress [0x7ffc204a8121] in nvcudart_hybrid64.dll
=========         Host Frame: ggml_backend_is_cuda [0x7ffb3a91900a] in ggml-cuda.dll
=========         Host Frame: ggml_backend_is_cuda [0x7ffb3a0e8bfb] in ggml-cuda.dll
=========         Host Frame: ggml_backend_is_cuda [0x7ffb3a0ea082] in ggml-cuda.dll
=========         Host Frame: ggml_backend_is_cuda [0x7ffb3a01169f] in ggml-cuda.dll
=========         Host Frame:  [0x12ac88] in ggml-cuda.dll
=========         Host Frame:  [0x1271e5] in ggml-cuda.dll
=========         Host Frame:  [0x1288a3] in ggml-cuda.dll
=========         Host Frame:  [0x118224] in ggml-cuda.dll
=========         Host Frame: ggml_tallocr_new [0x7ffc826d6968] in ggml-base.dll
=========         Host Frame: llama_set_nextn_layer_offset [0x7ffc219a68b9] in llama.dll
=========         Host Frame: llama_chat_builtin_templates [0x7ffc219a1026] in llama.dll
=========         Host Frame: llama_decode [0x7ffc219a914b] in llama.dll
=========         Host Frame: time [0x7ffb88220920] in llama-server-impl.dll
=========         Host Frame: time [0x7ffb88235dfe] in llama-server-impl.dll
=========         Host Frame: time [0x7ffb8827f5a5] in llama-server-impl.dll
=========         Host Frame: llama_server [0x7ffb8818cf5b] in llama-server-impl.dll
=========         Host Frame: std::thread::_Invoke<std::tuple<<lambda_3c4c967af51188f9751dc8f760a540d5> >,0> [0x7ffc2f566140] in llama-cli-impl.dll
=========         Host Frame: wcsrchr [0x7ffcb934cd30] in ucrtbase.dll
=========         Host Frame: BaseThreadInitThunk [0x7ffcb9c8ccb7] in KERNEL32.DLL
=========         Host Frame: RtlUserThreadStart [0x7ffcbbfcad6c] in ntdll.dll
========= 
========= Invalid __global__ write of size 4 bytes
=========     at void quantize_mmq_q8_1<(mmq_q8_1_ds_layout)0, (bool)1>(const float *, const int *, void *, long long, long long, long long, long long, long long, int, int, int)+0x800
=========     by thread (11,0,0) in block (43,1,0)
=========     Access to 0x51609ffbc is out of bounds
=========     and is 4,007,002,180 bytes before the nearest allocation at 0x604e00000 of size 517,120 bytes
=========     Saved host backtrace up to driver entry point at kernel launch time
=========         Host Frame: cuLaunchKernel [0x7ffc276fd9e8] in nvcuda64.dll
=========         Host Frame:  [0xdc5e] in nvcudart_hybrid64.dll
=========         Host Frame: _cudaGetProcAddress [0x7ffc204e4f73] in nvcudart_hybrid64.dll
=========         Host Frame: _cudaGetProcAddress [0x7ffc204a8121] in nvcudart_hybrid64.dll
=========         Host Frame: ggml_backend_is_cuda [0x7ffb3a91900a] in ggml-cuda.dll
=========         Host Frame: ggml_backend_is_cuda [0x7ffb3a0e8bfb] in ggml-cuda.dll
=========         Host Frame: ggml_backend_is_cuda [0x7ffb3a0ea082] in ggml-cuda.dll
=========         Host Frame: ggml_backend_is_cuda [0x7ffb3a01169f] in ggml-cuda.dll
=========         Host Frame:  [0x12ac88] in ggml-cuda.dll
=========         Host Frame:  [0x1271e5] in ggml-cuda.dll
=========         Host Frame:  [0x1288a3] in ggml-cuda.dll
=========         Host Frame:  [0x118224] in ggml-cuda.dll
=========         Host Frame: ggml_tallocr_new [0x7ffc826d6968] in ggml-base.dll
=========         Host Frame: llama_set_nextn_layer_offset [0x7ffc219a68b9] in llama.dll
=========         Host Frame: llama_chat_builtin_templates [0x7ffc219a1026] in llama.dll
=========         Host Frame: llama_decode [0x7ffc219a914b] in llama.dll
=========         Host Frame: time [0x7ffb88220920] in llama-server-impl.dll
=========         Host Frame: time [0x7ffb88235dfe] in llama-server-impl.dll
=========         Host Frame: time [0x7ffb8827f5a5] in llama-server-impl.dll
=========         Host Frame: llama_server [0x7ffb8818cf5b] in llama-server-impl.dll
=========         Host Frame: std::thread::_Invoke<std::tuple<<lambda_3c4c967af51188f9751dc8f760a540d5> >,0> [0x7ffc2f566140] in llama-cli-impl.dll
=========         Host Frame: wcsrchr [0x7ffcb934cd30] in ucrtbase.dll
=========         Host Frame: BaseThreadInitThunk [0x7ffcb9c8ccb7] in KERNEL32.DLL
=========         Host Frame: RtlUserThreadStart [0x7ffcbbfcad6c] in ntdll.dll
========= 
========= Invalid __global__ write of size 4 bytes
=========     at void quantize_mmq_q8_1<(mmq_q8_1_ds_layout)0, (bool)1>(const float *, const int *, void *, long long, long long, long long, long long, long long, int, int, int)+0x800
=========     by thread (12,0,0) in block (43,1,0)
=========     Access to 0x51609ffc0 is out of bounds
=========     and is 4,007,002,176 bytes before the nearest allocation at 0x604e00000 of size 517,120 bytes
=========     Saved host backtrace up to driver entry point at kernel launch time
=========         Host Frame: cuLaunchKernel [0x7ffc276fd9e8] in nvcuda64.dll
=========         Host Frame:  [0xdc5e] in nvcudart_hybrid64.dll
=========         Host Frame: _cudaGetProcAddress [0x7ffc204e4f73] in nvcudart_hybrid64.dll
=========         Host Frame: _cudaGetProcAddress [0x7ffc204a8121] in nvcudart_hybrid64.dll
=========         Host Frame: ggml_backend_is_cuda [0x7ffb3a91900a] in ggml-cuda.dll
=========         Host Frame: ggml_backend_is_cuda [0x7ffb3a0e8bfb] in ggml-cuda.dll
=========         Host Frame: ggml_backend_is_cuda [0x7ffb3a0ea082] in ggml-cuda.dll
=========         Host Frame: ggml_backend_is_cuda [0x7ffb3a01169f] in ggml-cuda.dll
=========         Host Frame:  [0x12ac88] in ggml-cuda.dll
=========         Host Frame:  [0x1271e5] in ggml-cuda.dll
=========         Host Frame:  [0x1288a3] in ggml-cuda.dll
=========         Host Frame:  [0x118224] in ggml-cuda.dll
=========         Host Frame: ggml_tallocr_new [0x7ffc826d6968] in ggml-base.dll
=========         Host Frame: llama_set_nextn_layer_offset [0x7ffc219a68b9] in llama.dll
=========         Host Frame: llama_chat_builtin_templates [0x7ffc219a1026] in llama.dll
=========         Host Frame: llama_decode [0x7ffc219a914b] in llama.dll
=========         Host Frame: time [0x7ffb88220920] in llama-server-impl.dll
=========         Host Frame: time [0x7ffb88235dfe] in llama-server-impl.dll
=========         Host Frame: time [0x7ffb8827f5a5] in llama-server-impl.dll
=========         Host Frame: llama_server [0x7ffb8818cf5b] in llama-server-impl.dll
=========         Host Frame: std::thread::_Invoke<std::tuple<<lambda_3c4c967af51188f9751dc8f760a540d5> >,0> [0x7ffc2f566140] in llama-cli-impl.dll
=========         Host Frame: wcsrchr [0x7ffcb934cd30] in ucrtbase.dll
=========         Host Frame: BaseThreadInitThunk [0x7ffcb9c8ccb7] in KERNEL32.DLL
=========         Host Frame: RtlUserThreadStart [0x7ffcbbfcad6c] in ntdll.dll
========= 
========= Invalid __global__ write of size 4 bytes
=========     at void quantize_mmq_q8_1<(mmq_q8_1_ds_layout)0, (bool)1>(const float *, const int *, void *, long long, long long, long long, long long, long long, int, int, int)+0x800
=========     by thread (13,0,0) in block (43,1,0)
=========     Access to 0x51609ffc4 is out of bounds
=========     and is 4,007,002,172 bytes before the nearest allocation at 0x604e00000 of size 517,120 bytes
=========     Saved host backtrace up to driver entry point at kernel launch time
=========         Host Frame: cuLaunchKernel [0x7ffc276fd9e8] in nvcuda64.dll
=========         Host Frame:  [0xdc5e] in nvcudart_hybrid64.dll
=========         Host Frame: _cudaGetProcAddress [0x7ffc204e4f73] in nvcudart_hybrid64.dll
=========         Host Frame: _cudaGetProcAddress [0x7ffc204a8121] in nvcudart_hybrid64.dll
=========         Host Frame: ggml_backend_is_cuda [0x7ffb3a91900a] in ggml-cuda.dll
=========         Host Frame: ggml_backend_is_cuda [0x7ffb3a0e8bfb] in ggml-cuda.dll
=========         Host Frame: ggml_backend_is_cuda [0x7ffb3a0ea082] in ggml-cuda.dll
=========         Host Frame: ggml_backend_is_cuda [0x7ffb3a01169f] in ggml-cuda.dll
=========         Host Frame:  [0x12ac88] in ggml-cuda.dll
=========         Host Frame:  [0x1271e5] in ggml-cuda.dll
=========         Host Frame:  [0x1288a3] in ggml-cuda.dll
=========         Host Frame:  [0x118224] in ggml-cuda.dll
=========         Host Frame: ggml_tallocr_new [0x7ffc826d6968] in ggml-base.dll
=========         Host Frame: llama_set_nextn_layer_offset [0x7ffc219a68b9] in llama.dll
=========         Host Frame: llama_chat_builtin_templates [0x7ffc219a1026] in llama.dll
=========         Host Frame: llama_decode [0x7ffc219a914b] in llama.dll
=========         Host Frame: time [0x7ffb88220920] in llama-server-impl.dll
=========         Host Frame: time [0x7ffb88235dfe] in llama-server-impl.dll
=========         Host Frame: time [0x7ffb8827f5a5] in llama-server-impl.dll
=========         Host Frame: llama_server [0x7ffb8818cf5b] in llama-server-impl.dll
=========         Host Frame: std::thread::_Invoke<std::tuple<<lambda_3c4c967af51188f9751dc8f760a540d5> >,0> [0x7ffc2f566140] in llama-cli-impl.dll
=========         Host Frame: wcsrchr [0x7ffcb934cd30] in ucrtbase.dll
=========         Host Frame: BaseThreadInitThunk [0x7ffcb9c8ccb7] in KERNEL32.DLL
=========         Host Frame: RtlUserThreadStart [0x7ffcbbfcad6c] in ntdll.dll
========= 
========= Invalid __global__ write of size 4 bytes
=========     at void quantize_mmq_q8_1<(mmq_q8_1_ds_layout)0, (bool)1>(const float *, const int *, void *, long long, long long, long long, long long, long long, int, int, int)+0x800
=========     by thread (14,0,0) in block (43,1,0)
=========     Access to 0x51609ffc8 is out of bounds
=========     and is 4,007,002,168 bytes before the nearest allocation at 0x604e00000 of size 517,120 bytes
=========     Saved host backtrace up to driver entry point at kernel launch time
=========         Host Frame: cuLaunchKernel [0x7ffc276fd9e8] in nvcuda64.dll
=========         Host Frame:  [0xdc5e] in nvcudart_hybrid64.dll
=========         Host Frame: _cudaGetProcAddress [0x7ffc204e4f73] in nvcudart_hybrid64.dll
=========         Host Frame: _cudaGetProcAddress [0x7ffc204a8121] in nvcudart_hybrid64.dll
=========         Host Frame: ggml_backend_is_cuda [0x7ffb3a91900a] in ggml-cuda.dll
=========         Host Frame: ggml_backend_is_cuda [0x7ffb3a0e8bfb] in ggml-cuda.dll
=========         Host Frame: ggml_backend_is_cuda [0x7ffb3a0ea082] in ggml-cuda.dll
=========         Host Frame: ggml_backend_is_cuda [0x7ffb3a01169f] in ggml-cuda.dll
=========         Host Frame:  [0x12ac88] in ggml-cuda.dll
=========         Host Frame:  [0x1271e5] in ggml-cuda.dll
=========         Host Frame:  [0x1288a3] in ggml-cuda.dll
=========         Host Frame:  [0x118224] in ggml-cuda.dll
=========         Host Frame: ggml_tallocr_new [0x7ffc826d6968] in ggml-base.dll
=========         Host Frame: llama_set_nextn_layer_offset [0x7ffc219a68b9] in llama.dll
=========         Host Frame: llama_chat_builtin_templates [0x7ffc219a1026] in llama.dll
=========         Host Frame: llama_decode [0x7ffc219a914b] in llama.dll
=========         Host Frame: time [0x7ffb88220920] in llama-server-impl.dll
=========         Host Frame: time [0x7ffb88235dfe] in llama-server-impl.dll
=========         Host Frame: time [0x7ffb8827f5a5] in llama-server-impl.dll
=========         Host Frame: llama_server [0x7ffb8818cf5b] in llama-server-impl.dll
=========         Host Frame: std::thread::_Invoke<std::tuple<<lambda_3c4c967af51188f9751dc8f760a540d5> >,0> [0x7ffc2f566140] in llama-cli-impl.dll
=========         Host Frame: wcsrchr [0x7ffcb934cd30] in ucrtbase.dll
=========         Host Frame: BaseThreadInitThunk [0x7ffcb9c8ccb7] in KERNEL32.DLL
=========         Host Frame: RtlUserThreadStart [0x7ffcbbfcad6c] in ntdll.dll
========= 
========= Invalid __global__ write of size 4 bytes
=========     at void quantize_mmq_q8_1<(mmq_q8_1_ds_layout)0, (bool)1>(const float *, const int *, void *, long long, long long, long long, long long, long long, int, int, int)+0x800
=========     by thread (15,0,0) in block (43,1,0)
=========     Access to 0x51609ffcc is out of bounds
=========     and is 4,007,002,164 bytes before the nearest allocation at 0x604e00000 of size 517,120 bytes
=========     Saved host backtrace up to driver entry point at kernel launch time
=========         Host Frame: cuLaunchKernel [0x7ffc276fd9e8] in nvcuda64.dll
=========         Host Frame:  [0xdc5e] in nvcudart_hybrid64.dll
=========         Host Frame: _cudaGetProcAddress [0x7ffc204e4f73] in nvcudart_hybrid64.dll
=========         Host Frame: _cudaGetProcAddress [0x7ffc204a8121] in nvcudart_hybrid64.dll
=========         Host Frame: ggml_backend_is_cuda [0x7ffb3a91900a] in ggml-cuda.dll
=========         Host Frame: ggml_backend_is_cuda [0x7ffb3a0e8bfb] in ggml-cuda.dll
=========         Host Frame: ggml_backend_is_cuda [0x7ffb3a0ea082] in ggml-cuda.dll
=========         Host Frame: ggml_backend_is_cuda [0x7ffb3a01169f] in ggml-cuda.dll
=========         Host Frame:  [0x12ac88] in ggml-cuda.dll
=========         Host Frame:  [0x1271e5] in ggml-cuda.dll
=========         Host Frame:  [0x1288a3] in ggml-cuda.dll
=========         Host Frame:  [0x118224] in ggml-cuda.dll
=========         Host Frame: ggml_tallocr_new [0x7ffc826d6968] in ggml-base.dll
=========         Host Frame: llama_set_nextn_layer_offset [0x7ffc219a68b9] in llama.dll
=========         Host Frame: llama_chat_builtin_templates [0x7ffc219a1026] in llama.dll
=========         Host Frame: llama_decode [0x7ffc219a914b] in llama.dll
=========         Host Frame: time [0x7ffb88220920] in llama-server-impl.dll
=========         Host Frame: time [0x7ffb88235dfe] in llama-server-impl.dll
=========         Host Frame: time [0x7ffb8827f5a5] in llama-server-impl.dll
=========         Host Frame: llama_server [0x7ffb8818cf5b] in llama-server-impl.dll
=========         Host Frame: std::thread::_Invoke<std::tuple<<lambda_3c4c967af51188f9751dc8f760a540d5> >,0> [0x7ffc2f566140] in llama-cli-impl.dll
=========         Host Frame: wcsrchr [0x7ffcb934cd30] in ucrtbase.dll
=========         Host Frame: BaseThreadInitThunk [0x7ffcb9c8ccb7] in KERNEL32.DLL
=========         Host Frame: RtlUserThreadStart [0x7ffcbbfcad6c] in ntdll.dll
========= 
========= Invalid __global__ write of size 4 bytes
=========     at void quantize_mmq_q8_1<(mmq_q8_1_ds_layout)0, (bool)1>(const float *, const int *, void *, long long, long long, long long, long long, long long, int, int, int)+0x800
=========     by thread (16,0,0) in block (43,1,0)
=========     Access to 0x51609ffd0 is out of bounds
=========     and is 4,007,002,160 bytes before the nearest allocation at 0x604e00000 of size 517,120 bytes
=========     Saved host backtrace up to driver entry point at kernel launch time
=========         Host Frame: cuLaunchKernel [0x7ffc276fd9e8] in nvcuda64.dll
=========         Host Frame:  [0xdc5e] in nvcudart_hybrid64.dll
=========         Host Frame: _cudaGetProcAddress [0x7ffc204e4f73] in nvcudart_hybrid64.dll
=========         Host Frame: _cudaGetProcAddress [0x7ffc204a8121] in nvcudart_hybrid64.dll
=========         Host Frame: ggml_backend_is_cuda [0x7ffb3a91900a] in ggml-cuda.dll
=========         Host Frame: ggml_backend_is_cuda [0x7ffb3a0e8bfb] in ggml-cuda.dll
=========         Host Frame: ggml_backend_is_cuda [0x7ffb3a0ea082] in ggml-cuda.dll
=========         Host Frame: ggml_backend_is_cuda [0x7ffb3a01169f] in ggml-cuda.dll
=========         Host Frame:  [0x12ac88] in ggml-cuda.dll
=========         Host Frame:  [0x1271e5] in ggml-cuda.dll
=========         Host Frame:  [0x1288a3] in ggml-cuda.dll
=========         Host Frame:  [0x118224] in ggml-cuda.dll
=========         Host Frame: ggml_tallocr_new [0x7ffc826d6968] in ggml-base.dll
=========         Host Frame: llama_set_nextn_layer_offset [0x7ffc219a68b9] in llama.dll
=========         Host Frame: llama_chat_builtin_templates [0x7ffc219a1026] in llama.dll
=========         Host Frame: llama_decode [0x7ffc219a914b] in llama.dll
=========         Host Frame: time [0x7ffb88220920] in llama-server-impl.dll
=========         Host Frame: time [0x7ffb88235dfe] in llama-server-impl.dll
=========         Host Frame: time [0x7ffb8827f5a5] in llama-server-impl.dll
=========         Host Frame: llama_server [0x7ffb8818cf5b] in llama-server-impl.dll
=========         Host Frame: std::thread::_Invoke<std::tuple<<lambda_3c4c967af51188f9751dc8f760a540d5> >,0> [0x7ffc2f566140] in llama-cli-impl.dll
=========         Host Frame: wcsrchr [0x7ffcb934cd30] in ucrtbase.dll
=========         Host Frame: BaseThreadInitThunk [0x7ffcb9c8ccb7] in KERNEL32.DLL
=========         Host Frame: RtlUserThreadStart [0x7ffcbbfcad6c] in ntdll.dll
========= 
========= Invalid __global__ write of size 4 bytes
=========     at void quantize_mmq_q8_1<(mmq_q8_1_ds_layout)0, (bool)1>(const float *, const int *, void *, long long, long long, long long, long long, long long, int, int, int)+0x800
=========     by thread (17,0,0) in block (43,1,0)
=========     Access to 0x51609ffd4 is out of bounds
=========     and is 4,007,002,156 bytes before the nearest allocation at 0x604e00000 of size 517,120 bytes
=========     Saved host backtrace up to driver entry point at kernel launch time
=========         Host Frame: cuLaunchKernel [0x7ffc276fd9e8] in nvcuda64.dll
=========         Host Frame:  [0xdc5e] in nvcudart_hybrid64.dll
=========         Host Frame: _cudaGetProcAddress [0x7ffc204e4f73] in nvcudart_hybrid64.dll
=========         Host Frame: _cudaGetProcAddress [0x7ffc204a8121] in nvcudart_hybrid64.dll
=========         Host Frame: ggml_backend_is_cuda [0x7ffb3a91900a] in ggml-cuda.dll
=========         Host Frame: ggml_backend_is_cuda [0x7ffb3a0e8bfb] in ggml-cuda.dll
=========         Host Frame: ggml_backend_is_cuda [0x7ffb3a0ea082] in ggml-cuda.dll
=========         Host Frame: ggml_backend_is_cuda [0x7ffb3a01169f] in ggml-cuda.dll
=========         Host Frame:  [0x12ac88] in ggml-cuda.dll
=========         Host Frame:  [0x1271e5] in ggml-cuda.dll
=========         Host Frame:  [0x1288a3] in ggml-cuda.dll
=========         Host Frame:  [0x118224] in ggml-cuda.dll
=========         Host Frame: ggml_tallocr_new [0x7ffc826d6968] in ggml-base.dll
=========         Host Frame: llama_set_nextn_layer_offset [0x7ffc219a68b9] in llama.dll
=========         Host Frame: llama_chat_builtin_templates [0x7ffc219a1026] in llama.dll
=========         Host Frame: llama_decode [0x7ffc219a914b] in llama.dll
=========         Host Frame: time [0x7ffb88220920] in llama-server-impl.dll
=========         Host Frame: time [0x7ffb88235dfe] in llama-server-impl.dll
=========         Host Frame: time [0x7ffb8827f5a5] in llama-server-impl.dll
=========         Host Frame: llama_server [0x7ffb8818cf5b] in llama-server-impl.dll
=========         Host Frame: std::thread::_Invoke<std::tuple<<lambda_3c4c967af51188f9751dc8f760a540d5> >,0> [0x7ffc2f566140] in llama-cli-impl.dll
=========         Host Frame: wcsrchr [0x7ffcb934cd30] in ucrtbase.dll
=========         Host Frame: BaseThreadInitThunk [0x7ffcb9c8ccb7] in KERNEL32.DLL
=========         Host Frame: RtlUserThreadStart [0x7ffcbbfcad6c] in ntdll.dll
========= 
========= Invalid __global__ write of size 4 bytes
=========     at void quantize_mmq_q8_1<(mmq_q8_1_ds_layout)0, (bool)1>(const float *, const int *, void *, long long, long long, long long, long long, long long, int, int, int)+0x800
=========     by thread (18,0,0) in block (43,1,0)
=========     Access to 0x51609ffd8 is out of bounds
=========     and is 4,007,002,152 bytes before the nearest allocation at 0x604e00000 of size 517,120 bytes
=========     Saved host backtrace up to driver entry point at kernel launch time
=========         Host Frame: cuLaunchKernel [0x7ffc276fd9e8] in nvcuda64.dll
=========         Host Frame:  [0xdc5e] in nvcudart_hybrid64.dll
=========         Host Frame: _cudaGetProcAddress [0x7ffc204e4f73] in nvcudart_hybrid64.dll
=========         Host Frame: _cudaGetProcAddress [0x7ffc204a8121] in nvcudart_hybrid64.dll
=========         Host Frame: ggml_backend_is_cuda [0x7ffb3a91900a] in ggml-cuda.dll
=========         Host Frame: ggml_backend_is_cuda [0x7ffb3a0e8bfb] in ggml-cuda.dll
=========         Host Frame: ggml_backend_is_cuda [0x7ffb3a0ea082] in ggml-cuda.dll
=========         Host Frame: ggml_backend_is_cuda [0x7ffb3a01169f] in ggml-cuda.dll
=========         Host Frame:  [0x12ac88] in ggml-cuda.dll
=========         Host Frame:  [0x1271e5] in ggml-cuda.dll
=========         Host Frame:  [0x1288a3] in ggml-cuda.dll
=========         Host Frame:  [0x118224] in ggml-cuda.dll
=========         Host Frame: ggml_tallocr_new [0x7ffc826d6968] in ggml-base.dll
=========         Host Frame: llama_set_nextn_layer_offset [0x7ffc219a68b9] in llama.dll
=========         Host Frame: llama_chat_builtin_templates [0x7ffc219a1026] in llama.dll
=========         Host Frame: llama_decode [0x7ffc219a914b] in llama.dll
=========         Host Frame: time [0x7ffb88220920] in llama-server-impl.dll
=========         Host Frame: time [0x7ffb88235dfe] in llama-server-impl.dll
=========         Host Frame: time [0x7ffb8827f5a5] in llama-server-impl.dll
=========         Host Frame: llama_server [0x7ffb8818cf5b] in llama-server-impl.dll
=========         Host Frame: std::thread::_Invoke<std::tuple<<lambda_3c4c967af51188f9751dc8f760a540d5> >,0> [0x7ffc2f566140] in llama-cli-impl.dll
=========         Host Frame: wcsrchr [0x7ffcb934cd30] in ucrtbase.dll
=========         Host Frame: BaseThreadInitThunk [0x7ffcb9c8ccb7] in KERNEL32.DLL
=========         Host Frame: RtlUserThreadStart [0x7ffcbbfcad6c] in ntdll.dll
========= 
========= Invalid __global__ write of size 4 bytes
=========     at void quantize_mmq_q8_1<(mmq_q8_1_ds_layout)0, (bool)1>(const float *, const int *, void *, long long, long long, long long, long long, long long, int, int, int)+0x800
=========     by thread (19,0,0) in block (43,1,0)
=========     Access to 0x51609ffdc is out of bounds
=========     and is 4,007,002,148 bytes before the nearest allocation at 0x604e00000 of size 517,120 bytes
=========     Saved host backtrace up to driver entry point at kernel launch time
=========         Host Frame: cuLaunchKernel [0x7ffc276fd9e8] in nvcuda64.dll
=========         Host Frame:  [0xdc5e] in nvcudart_hybrid64.dll
=========         Host Frame: _cudaGetProcAddress [0x7ffc204e4f73] in nvcudart_hybrid64.dll
=========         Host Frame: _cudaGetProcAddress [0x7ffc204a8121] in nvcudart_hybrid64.dll
=========         Host Frame: ggml_backend_is_cuda [0x7ffb3a91900a] in ggml-cuda.dll
=========         Host Frame: ggml_backend_is_cuda [0x7ffb3a0e8bfb] in ggml-cuda.dll
=========         Host Frame: ggml_backend_is_cuda [0x7ffb3a0ea082] in ggml-cuda.dll
=========         Host Frame: ggml_backend_is_cuda [0x7ffb3a01169f] in ggml-cuda.dll
=========         Host Frame:  [0x12ac88] in ggml-cuda.dll
=========         Host Frame:  [0x1271e5] in ggml-cuda.dll
=========         Host Frame:  [0x1288a3] in ggml-cuda.dll
=========         Host Frame:  [0x118224] in ggml-cuda.dll
=========         Host Frame: ggml_tallocr_new [0x7ffc826d6968] in ggml-base.dll
=========         Host Frame: llama_set_nextn_layer_offset [0x7ffc219a68b9] in llama.dll
=========         Host Frame: llama_chat_builtin_templates [0x7ffc219a1026] in llama.dll
=========         Host Frame: llama_decode [0x7ffc219a914b] in llama.dll
=========         Host Frame: time [0x7ffb88220920] in llama-server-impl.dll
=========         Host Frame: time [0x7ffb88235dfe] in llama-server-impl.dll
=========         Host Frame: time [0x7ffb8827f5a5] in llama-server-impl.dll
=========         Host Frame: llama_server [0x7ffb8818cf5b] in llama-server-impl.dll
=========         Host Frame: std::thread::_Invoke<std::tuple<<lambda_3c4c967af51188f9751dc8f760a540d5> >,0> [0x7ffc2f566140] in llama-cli-impl.dll
=========         Host Frame: wcsrchr [0x7ffcb934cd30] in ucrtbase.dll
=========         Host Frame: BaseThreadInitThunk [0x7ffcb9c8ccb7] in KERNEL32.DLL
=========         Host Frame: RtlUserThreadStart [0x7ffcbbfcad6c] in ntdll.dll
========= 
========= Invalid __global__ write of size 4 bytes
=========     at void quantize_mmq_q8_1<(mmq_q8_1_ds_layout)0, (bool)1>(const float *, const int *, void *, long long, long long, long long, long long, long long, int, int, int)+0x800
=========     by thread (20,0,0) in block (43,1,0)
=========     Access to 0x51609ffe0 is out of bounds
=========     and is 4,007,002,144 bytes before the nearest allocation at 0x604e00000 of size 517,120 bytes
=========     Saved host backtrace up to driver entry point at kernel launch time
=========         Host Frame: cuLaunchKernel [0x7ffc276fd9e8] in nvcuda64.dll
=========         Host Frame:  [0xdc5e] in nvcudart_hybrid64.dll
=========         Host Frame: _cudaGetProcAddress [0x7ffc204e4f73] in nvcudart_hybrid64.dll
=========         Host Frame: _cudaGetProcAddress [0x7ffc204a8121] in nvcudart_hybrid64.dll
=========         Host Frame: ggml_backend_is_cuda [0x7ffb3a91900a] in ggml-cuda.dll
=========         Host Frame: ggml_backend_is_cuda [0x7ffb3a0e8bfb] in ggml-cuda.dll
=========         Host Frame: ggml_backend_is_cuda [0x7ffb3a0ea082] in ggml-cuda.dll
=========         Host Frame: ggml_backend_is_cuda [0x7ffb3a01169f] in ggml-cuda.dll
=========         Host Frame:  [0x12ac88] in ggml-cuda.dll
=========         Host Frame:  [0x1271e5] in ggml-cuda.dll
=========         Host Frame:  [0x1288a3] in ggml-cuda.dll
=========         Host Frame:  [0x118224] in ggml-cuda.dll
=========         Host Frame: ggml_tallocr_new [0x7ffc826d6968] in ggml-base.dll
=========         Host Frame: llama_set_nextn_layer_offset [0x7ffc219a68b9] in llama.dll
=========         Host Frame: llama_chat_builtin_templates [0x7ffc219a1026] in llama.dll
=========         Host Frame: llama_decode [0x7ffc219a914b] in llama.dll
=========         Host Frame: time [0x7ffb88220920] in llama-server-impl.dll
=========         Host Frame: time [0x7ffb88235dfe] in llama-server-impl.dll
=========         Host Frame: time [0x7ffb8827f5a5] in llama-server-impl.dll
=========         Host Frame: llama_server [0x7ffb8818cf5b] in llama-server-impl.dll
=========         Host Frame: std::thread::_Invoke<std::tuple<<lambda_3c4c967af51188f9751dc8f760a540d5> >,0> [0x7ffc2f566140] in llama-cli-impl.dll
=========         Host Frame: wcsrchr [0x7ffcb934cd30] in ucrtbase.dll
=========         Host Frame: BaseThreadInitThunk [0x7ffcb9c8ccb7] in KERNEL32.DLL
=========         Host Frame: RtlUserThreadStart [0x7ffcbbfcad6c] in ntdll.dll
========= 
========= Invalid __global__ write of size 4 bytes
=========     at void quantize_mmq_q8_1<(mmq_q8_1_ds_layout)0, (bool)1>(const float *, const int *, void *, long long, long long, long long, long long, long long, int, int, int)+0x800
=========     by thread (21,0,0) in block (43,1,0)
=========     Access to 0x51609ffe4 is out of bounds
=========     and is 4,007,002,140 bytes before the nearest allocation at 0x604e00000 of size 517,120 bytes
=========     Saved host backtrace up to driver entry point at kernel launch time
=========         Host Frame: cuLaunchKernel [0x7ffc276fd9e8] in nvcuda64.dll
=========         Host Frame:  [0xdc5e] in nvcudart_hybrid64.dll
=========         Host Frame: _cudaGetProcAddress [0x7ffc204e4f73] in nvcudart_hybrid64.dll
=========         Host Frame: _cudaGetProcAddress [0x7ffc204a8121] in nvcudart_hybrid64.dll
=========         Host Frame: ggml_backend_is_cuda [0x7ffb3a91900a] in ggml-cuda.dll
=========         Host Frame: ggml_backend_is_cuda [0x7ffb3a0e8bfb] in ggml-cuda.dll
=========         Host Frame: ggml_backend_is_cuda [0x7ffb3a0ea082] in ggml-cuda.dll
=========         Host Frame: ggml_backend_is_cuda [0x7ffb3a01169f] in ggml-cuda.dll
=========         Host Frame:  [0x12ac88] in ggml-cuda.dll
=========         Host Frame:  [0x1271e5] in ggml-cuda.dll
=========         Host Frame:  [0x1288a3] in ggml-cuda.dll
=========         Host Frame:  [0x118224] in ggml-cuda.dll
=========         Host Frame: ggml_tallocr_new [0x7ffc826d6968] in ggml-base.dll
=========         Host Frame: llama_set_nextn_layer_offset [0x7ffc219a68b9] in llama.dll
=========         Host Frame: llama_chat_builtin_templates [0x7ffc219a1026] in llama.dll
=========         Host Frame: llama_decode [0x7ffc219a914b] in llama.dll
=========         Host Frame: time [0x7ffb88220920] in llama-server-impl.dll
=========         Host Frame: time [0x7ffb88235dfe] in llama-server-impl.dll
=========         Host Frame: time [0x7ffb8827f5a5] in llama-server-impl.dll
=========         Host Frame: llama_server [0x7ffb8818cf5b] in llama-server-impl.dll
=========         Host Frame: std::thread::_Invoke<std::tuple<<lambda_3c4c967af51188f9751dc8f760a540d5> >,0> [0x7ffc2f566140] in llama-cli-impl.dll
=========         Host Frame: wcsrchr [0x7ffcb934cd30] in ucrtbase.dll
=========         Host Frame: BaseThreadInitThunk [0x7ffcb9c8ccb7] in KERNEL32.DLL
=========         Host Frame: RtlUserThreadStart [0x7ffcbbfcad6c] in ntdll.dll
========= 
========= Invalid __global__ write of size 4 bytes
=========     at void quantize_mmq_q8_1<(mmq_q8_1_ds_layout)0, (bool)1>(const float *, const int *, void *, long long, long long, long long, long long, long long, int, int, int)+0x800
=========     by thread (22,0,0) in block (43,1,0)
=========     Access to 0x51609ffe8 is out of bounds
=========     and is 4,007,002,136 bytes before the nearest allocation at 0x604e00000 of size 517,120 bytes
=========     Saved host backtrace up to driver entry point at kernel launch time
=========         Host Frame: cuLaunchKernel [0x7ffc276fd9e8] in nvcuda64.dll
=========         Host Frame:  [0xdc5e] in nvcudart_hybrid64.dll
=========         Host Frame: _cudaGetProcAddress [0x7ffc204e4f73] in nvcudart_hybrid64.dll
=========         Host Frame: _cudaGetProcAddress [0x7ffc204a8121] in nvcudart_hybrid64.dll
=========         Host Frame: ggml_backend_is_cuda [0x7ffb3a91900a] in ggml-cuda.dll
=========         Host Frame: ggml_backend_is_cuda [0x7ffb3a0e8bfb] in ggml-cuda.dll
=========         Host Frame: ggml_backend_is_cuda [0x7ffb3a0ea082] in ggml-cuda.dll
=========         Host Frame: ggml_backend_is_cuda [0x7ffb3a01169f] in ggml-cuda.dll
=========         Host Frame:  [0x12ac88] in ggml-cuda.dll
=========         Host Frame:  [0x1271e5] in ggml-cuda.dll
=========         Host Frame:  [0x1288a3] in ggml-cuda.dll
=========         Host Frame:  [0x118224] in ggml-cuda.dll
=========         Host Frame: ggml_tallocr_new [0x7ffc826d6968] in ggml-base.dll
=========         Host Frame: llama_set_nextn_layer_offset [0x7ffc219a68b9] in llama.dll
=========         Host Frame: llama_chat_builtin_templates [0x7ffc219a1026] in llama.dll
=========         Host Frame: llama_decode [0x7ffc219a914b] in llama.dll
=========         Host Frame: time [0x7ffb88220920] in llama-server-impl.dll
=========         Host Frame: time [0x7ffb88235dfe] in llama-server-impl.dll
=========         Host Frame: time [0x7ffb8827f5a5] in llama-server-impl.dll
=========         Host Frame: llama_server [0x7ffb8818cf5b] in llama-server-impl.dll
=========         Host Frame: std::thread::_Invoke<std::tuple<<lambda_3c4c967af51188f9751dc8f760a540d5> >,0> [0x7ffc2f566140] in llama-cli-impl.dll
=========         Host Frame: wcsrchr [0x7ffcb934cd30] in ucrtbase.dll
=========         Host Frame: BaseThreadInitThunk [0x7ffcb9c8ccb7] in KERNEL32.DLL
=========         Host Frame: RtlUserThreadStart [0x7ffcbbfcad6c] in ntdll.dll
========= 
========= Invalid __global__ write of size 4 bytes
=========     at void quantize_mmq_q8_1<(mmq_q8_1_ds_layout)0, (bool)1>(const float *, const int *, void *, long long, long long, long long, long long, long long, int, int, int)+0x800
=========     by thread (23,0,0) in block (43,1,0)
=========     Access to 0x51609ffec is out of bounds
=========     and is 4,007,002,132 bytes before the nearest allocation at 0x604e00000 of size 517,120 bytes
=========     Saved host backtrace up to driver entry point at kernel launch time
=========         Host Frame: cuLaunchKernel [0x7ffc276fd9e8] in nvcuda64.dll
=========         Host Frame:  [0xdc5e] in nvcudart_hybrid64.dll
=========         Host Frame: _cudaGetProcAddress [0x7ffc204e4f73] in nvcudart_hybrid64.dll
=========         Host Frame: _cudaGetProcAddress [0x7ffc204a8121] in nvcudart_hybrid64.dll
=========         Host Frame: ggml_backend_is_cuda [0x7ffb3a91900a] in ggml-cuda.dll
=========         Host Frame: ggml_backend_is_cuda [0x7ffb3a0e8bfb] in ggml-cuda.dll
=========         Host Frame: ggml_backend_is_cuda [0x7ffb3a0ea082] in ggml-cuda.dll
=========         Host Frame: ggml_backend_is_cuda [0x7ffb3a01169f] in ggml-cuda.dll
=========         Host Frame:  [0x12ac88] in ggml-cuda.dll
=========         Host Frame:  [0x1271e5] in ggml-cuda.dll
=========         Host Frame:  [0x1288a3] in ggml-cuda.dll
=========         Host Frame:  [0x118224] in ggml-cuda.dll
=========         Host Frame: ggml_tallocr_new [0x7ffc826d6968] in ggml-base.dll
=========         Host Frame: llama_set_nextn_layer_offset [0x7ffc219a68b9] in llama.dll
=========         Host Frame: llama_chat_builtin_templates [0x7ffc219a1026] in llama.dll
=========         Host Frame: llama_decode [0x7ffc219a914b] in llama.dll
=========         Host Frame: time [0x7ffb88220920] in llama-server-impl.dll
=========         Host Frame: time [0x7ffb88235dfe] in llama-server-impl.dll
=========         Host Frame: time [0x7ffb8827f5a5] in llama-server-impl.dll
=========         Host Frame: llama_server [0x7ffb8818cf5b] in llama-server-impl.dll
=========         Host Frame: std::thread::_Invoke<std::tuple<<lambda_3c4c967af51188f9751dc8f760a540d5> >,0> [0x7ffc2f566140] in llama-cli-impl.dll
=========         Host Frame: wcsrchr [0x7ffcb934cd30] in ucrtbase.dll
=========         Host Frame: BaseThreadInitThunk [0x7ffcb9c8ccb7] in KERNEL32.DLL
=========         Host Frame: RtlUserThreadStart [0x7ffcbbfcad6c] in ntdll.dll
========= 
========= Invalid __global__ write of size 4 bytes
=========     at void quantize_mmq_q8_1<(mmq_q8_1_ds_layout)0, (bool)1>(const float *, const int *, void *, long long, long long, long long, long long, long long, int, int, int)+0x800
=========     by thread (24,0,0) in block (43,1,0)
=========     Access to 0x51609fff0 is out of bounds
=========     and is 4,007,002,128 bytes before the nearest allocation at 0x604e00000 of size 517,120 bytes
=========     Saved host backtrace up to driver entry point at kernel launch time
=========         Host Frame: cuLaunchKernel [0x7ffc276fd9e8] in nvcuda64.dll
=========         Host Frame:  [0xdc5e] in nvcudart_hybrid64.dll
=========         Host Frame: _cudaGetProcAddress [0x7ffc204e4f73] in nvcudart_hybrid64.dll
=========         Host Frame: _cudaGetProcAddress [0x7ffc204a8121] in nvcudart_hybrid64.dll
=========         Host Frame: ggml_backend_is_cuda [0x7ffb3a91900a] in ggml-cuda.dll
=========         Host Frame: ggml_backend_is_cuda [0x7ffb3a0e8bfb] in ggml-cuda.dll
=========         Host Frame: ggml_backend_is_cuda [0x7ffb3a0ea082] in ggml-cuda.dll
=========         Host Frame: ggml_backend_is_cuda [0x7ffb3a01169f] in ggml-cuda.dll
=========         Host Frame:  [0x12ac88] in ggml-cuda.dll
=========         Host Frame:  [0x1271e5] in ggml-cuda.dll
=========         Host Frame:  [0x1288a3] in ggml-cuda.dll
=========         Host Frame:  [0x118224] in ggml-cuda.dll
=========         Host Frame: ggml_tallocr_new [0x7ffc826d6968] in ggml-base.dll
=========         Host Frame: llama_set_nextn_layer_offset [0x7ffc219a68b9] in llama.dll
=========         Host Frame: llama_chat_builtin_templates [0x7ffc219a1026] in llama.dll
=========         Host Frame: llama_decode [0x7ffc219a914b] in llama.dll
=========         Host Frame: time [0x7ffb88220920] in llama-server-impl.dll
=========         Host Frame: time [0x7ffb88235dfe] in llama-server-impl.dll
=========         Host Frame: time [0x7ffb8827f5a5] in llama-server-impl.dll
=========         Host Frame: llama_server [0x7ffb8818cf5b] in llama-server-impl.dll
=========         Host Frame: std::thread::_Invoke<std::tuple<<lambda_3c4c967af51188f9751dc8f760a540d5> >,0> [0x7ffc2f566140] in llama-cli-impl.dll
=========         Host Frame: wcsrchr [0x7ffcb934cd30] in ucrtbase.dll
=========         Host Frame: BaseThreadInitThunk [0x7ffcb9c8ccb7] in KERNEL32.DLL
=========         Host Frame: RtlUserThreadStart [0x7ffcbbfcad6c] in ntdll.dll
========= 
========= Invalid __global__ write of size 4 bytes
=========     at void quantize_mmq_q8_1<(mmq_q8_1_ds_layout)0, (bool)1>(const float *, const int *, void *, long long, long long, long long, long long, long long, int, int, int)+0x800
=========     by thread (25,0,0) in block (43,1,0)
=========     Access to 0x51609fff4 is out of bounds
=========     and is 4,007,002,124 bytes before the nearest allocation at 0x604e00000 of size 517,120 bytes
=========     Saved host backtrace up to driver entry point at kernel launch time
=========         Host Frame: cuLaunchKernel [0x7ffc276fd9e8] in nvcuda64.dll
=========         Host Frame:  [0xdc5e] in nvcudart_hybrid64.dll
=========         Host Frame: _cudaGetProcAddress [0x7ffc204e4f73] in nvcudart_hybrid64.dll
=========         Host Frame: _cudaGetProcAddress [0x7ffc204a8121] in nvcudart_hybrid64.dll
=========         Host Frame: ggml_backend_is_cuda [0x7ffb3a91900a] in ggml-cuda.dll
=========         Host Frame: ggml_backend_is_cuda [0x7ffb3a0e8bfb] in ggml-cuda.dll
=========         Host Frame: ggml_backend_is_cuda [0x7ffb3a0ea082] in ggml-cuda.dll
=========         Host Frame: ggml_backend_is_cuda [0x7ffb3a01169f] in ggml-cuda.dll
=========         Host Frame:  [0x12ac88] in ggml-cuda.dll
=========         Host Frame:  [0x1271e5] in ggml-cuda.dll
=========         Host Frame:  [0x1288a3] in ggml-cuda.dll
=========         Host Frame:  [0x118224] in ggml-cuda.dll
=========         Host Frame: ggml_tallocr_new [0x7ffc826d6968] in ggml-base.dll
=========         Host Frame: llama_set_nextn_layer_offset [0x7ffc219a68b9] in llama.dll
=========         Host Frame: llama_chat_builtin_templates [0x7ffc219a1026] in llama.dll
=========         Host Frame: llama_decode [0x7ffc219a914b] in llama.dll
=========         Host Frame: time [0x7ffb88220920] in llama-server-impl.dll
=========         Host Frame: time [0x7ffb88235dfe] in llama-server-impl.dll
=========         Host Frame: time [0x7ffb8827f5a5] in llama-server-impl.dll
=========         Host Frame: llama_server [0x7ffb8818cf5b] in llama-server-impl.dll
=========         Host Frame: std::thread::_Invoke<std::tuple<<lambda_3c4c967af51188f9751dc8f760a540d5> >,0> [0x7ffc2f566140] in llama-cli-impl.dll
=========         Host Frame: wcsrchr [0x7ffcb934cd30] in ucrtbase.dll
=========         Host Frame: BaseThreadInitThunk [0x7ffcb9c8ccb7] in KERNEL32.DLL
=========         Host Frame: RtlUserThreadStart [0x7ffcbbfcad6c] in ntdll.dll
========= 
========= Invalid __global__ write of size 4 bytes
=========     at void quantize_mmq_q8_1<(mmq_q8_1_ds_layout)0, (bool)1>(const float *, const int *, void *, long long, long long, long long, long long, long long, int, int, int)+0x800
=========     by thread (26,0,0) in block (43,1,0)
=========     Access to 0x51609fff8 is out of bounds
=========     and is 4,007,002,120 bytes before the nearest allocation at 0x604e00000 of size 517,120 bytes
=========     Saved host backtrace up to driver entry point at kernel launch time
=========         Host Frame: cuLaunchKernel [0x7ffc276fd9e8] in nvcuda64.dll
=========         Host Frame:  [0xdc5e] in nvcudart_hybrid64.dll
=========         Host Frame: _cudaGetProcAddress [0x7ffc204e4f73] in nvcudart_hybrid64.dll
=========         Host Frame: _cudaGetProcAddress [0x7ffc204a8121] in nvcudart_hybrid64.dll
=========         Host Frame: ggml_backend_is_cuda [0x7ffb3a91900a] in ggml-cuda.dll
=========         Host Frame: ggml_backend_is_cuda [0x7ffb3a0e8bfb] in ggml-cuda.dll
=========         Host Frame: ggml_backend_is_cuda [0x7ffb3a0ea082] in ggml-cuda.dll
=========         Host Frame: ggml_backend_is_cuda [0x7ffb3a01169f] in ggml-cuda.dll
=========         Host Frame:  [0x12ac88] in ggml-cuda.dll
=========         Host Frame:  [0x1271e5] in ggml-cuda.dll
=========         Host Frame:  [0x1288a3] in ggml-cuda.dll
=========         Host Frame:  [0x118224] in ggml-cuda.dll
=========         Host Frame: ggml_tallocr_new [0x7ffc826d6968] in ggml-base.dll
=========         Host Frame: llama_set_nextn_layer_offset [0x7ffc219a68b9] in llama.dll
=========         Host Frame: llama_chat_builtin_templates [0x7ffc219a1026] in llama.dll
=========         Host Frame: llama_decode [0x7ffc219a914b] in llama.dll
=========         Host Frame: time [0x7ffb88220920] in llama-server-impl.dll
=========         Host Frame: time [0x7ffb88235dfe] in llama-server-impl.dll
=========         Host Frame: time [0x7ffb8827f5a5] in llama-server-impl.dll
=========         Host Frame: llama_server [0x7ffb8818cf5b] in llama-server-impl.dll
=========         Host Frame: std::thread::_Invoke<std::tuple<<lambda_3c4c967af51188f9751dc8f760a540d5> >,0> [0x7ffc2f566140] in llama-cli-impl.dll
=========         Host Frame: wcsrchr [0x7ffcb934cd30] in ucrtbase.dll
=========         Host Frame: BaseThreadInitThunk [0x7ffcb9c8ccb7] in KERNEL32.DLL
=========         Host Frame: RtlUserThreadStart [0x7ffcbbfcad6c] in ntdll.dll
========= 
========= Invalid __global__ write of size 4 bytes
=========     at void quantize_mmq_q8_1<(mmq_q8_1_ds_layout)0, (bool)1>(const float *, const int *, void *, long long, long long, long long, long long, long long, int, int, int)+0x800
=========     by thread (27,0,0) in block (43,1,0)
=========     Access to 0x51609fffc is out of bounds
=========     and is 4,007,002,116 bytes before the nearest allocation at 0x604e00000 of size 517,120 bytes
=========     Saved host backtrace up to driver entry point at kernel launch time
=========         Host Frame: cuLaunchKernel [0x7ffc276fd9e8] in nvcuda64.dll
=========         Host Frame:  [0xdc5e] in nvcudart_hybrid64.dll
=========         Host Frame: _cudaGetProcAddress [0x7ffc204e4f73] in nvcudart_hybrid64.dll
=========         Host Frame: _cudaGetProcAddress [0x7ffc204a8121] in nvcudart_hybrid64.dll
=========         Host Frame: ggml_backend_is_cuda [0x7ffb3a91900a] in ggml-cuda.dll
=========         Host Frame: ggml_backend_is_cuda [0x7ffb3a0e8bfb] in ggml-cuda.dll
=========         Host Frame: ggml_backend_is_cuda [0x7ffb3a0ea082] in ggml-cuda.dll
=========         Host Frame: ggml_backend_is_cuda [0x7ffb3a01169f] in ggml-cuda.dll
=========         Host Frame:  [0x12ac88] in ggml-cuda.dll
=========         Host Frame:  [0x1271e5] in ggml-cuda.dll
=========         Host Frame:  [0x1288a3] in ggml-cuda.dll
=========         Host Frame:  [0x118224] in ggml-cuda.dll
=========         Host Frame: ggml_tallocr_new [0x7ffc826d6968] in ggml-base.dll
=========         Host Frame: llama_set_nextn_layer_offset [0x7ffc219a68b9] in llama.dll
=========         Host Frame: llama_chat_builtin_templates [0x7ffc219a1026] in llama.dll
=========         Host Frame: llama_decode [0x7ffc219a914b] in llama.dll
=========         Host Frame: time [0x7ffb88220920] in llama-server-impl.dll
=========         Host Frame: time [0x7ffb88235dfe] in llama-server-impl.dll
=========         Host Frame: time [0x7ffb8827f5a5] in llama-server-impl.dll
=========         Host Frame: llama_server [0x7ffb8818cf5b] in llama-server-impl.dll
=========         Host Frame: std::thread::_Invoke<std::tuple<<lambda_3c4c967af51188f9751dc8f760a540d5> >,0> [0x7ffc2f566140] in llama-cli-impl.dll
=========         Host Frame: wcsrchr [0x7ffcb934cd30] in ucrtbase.dll
=========         Host Frame: BaseThreadInitThunk [0x7ffcb9c8ccb7] in KERNEL32.DLL
=========         Host Frame: RtlUserThreadStart [0x7ffcbbfcad6c] in ntdll.dll
========= 
========= Invalid __global__ write of size 4 bytes
=========     at void quantize_mmq_q8_1<(mmq_q8_1_ds_layout)0, (bool)1>(const float *, const int *, void *, long long, long long, long long, long long, long long, int, int, int)+0x800
=========     by thread (28,0,0) in block (43,1,0)
=========     Access to 0x5160a0000 is out of bounds
=========     and is 4,007,002,112 bytes before the nearest allocation at 0x604e00000 of size 517,120 bytes
=========     Saved host backtrace up to driver entry point at kernel launch time
=========         Host Frame: cuLaunchKernel [0x7ffc276fd9e8] in nvcuda64.dll
=========         Host Frame:  [0xdc5e] in nvcudart_hybrid64.dll
=========         Host Frame: _cudaGetProcAddress [0x7ffc204e4f73] in nvcudart_hybrid64.dll
=========         Host Frame: _cudaGetProcAddress [0x7ffc204a8121] in nvcudart_hybrid64.dll
=========         Host Frame: ggml_backend_is_cuda [0x7ffb3a91900a] in ggml-cuda.dll
=========         Host Frame: ggml_backend_is_cuda [0x7ffb3a0e8bfb] in ggml-cuda.dll
=========         Host Frame: ggml_backend_is_cuda [0x7ffb3a0ea082] in ggml-cuda.dll
=========         Host Frame: ggml_backend_is_cuda [0x7ffb3a01169f] in ggml-cuda.dll
=========         Host Frame:  [0x12ac88] in ggml-cuda.dll
=========         Host Frame:  [0x1271e5] in ggml-cuda.dll
=========         Host Frame:  [0x1288a3] in ggml-cuda.dll
=========         Host Frame:  [0x118224] in ggml-cuda.dll
=========         Host Frame: ggml_tallocr_new [0x7ffc826d6968] in ggml-base.dll
=========         Host Frame: llama_set_nextn_layer_offset [0x7ffc219a68b9] in llama.dll
=========         Host Frame: llama_chat_builtin_templates [0x7ffc219a1026] in llama.dll
=========         Host Frame: llama_decode [0x7ffc219a914b] in llama.dll
=========         Host Frame: time [0x7ffb88220920] in llama-server-impl.dll
=========         Host Frame: time [0x7ffb88235dfe] in llama-server-impl.dll
=========         Host Frame: time [0x7ffb8827f5a5] in llama-server-impl.dll
=========         Host Frame: llama_server [0x7ffb8818cf5b] in llama-server-impl.dll
=========         Host Frame: std::thread::_Invoke<std::tuple<<lambda_3c4c967af51188f9751dc8f760a540d5> >,0> [0x7ffc2f566140] in llama-cli-impl.dll
=========         Host Frame: wcsrchr [0x7ffcb934cd30] in ucrtbase.dll
=========         Host Frame: BaseThreadInitThunk [0x7ffcb9c8ccb7] in KERNEL32.DLL
=========         Host Frame: RtlUserThreadStart [0x7ffcbbfcad6c] in ntdll.dll
========= 
========= Invalid __global__ write of size 4 bytes
=========     at void quantize_mmq_q8_1<(mmq_q8_1_ds_layout)0, (bool)1>(const float *, const int *, void *, long long, long long, long long, long long, long long, int, int, int)+0x800
=========     by thread (29,0,0) in block (43,1,0)
=========     Access to 0x5160a0004 is out of bounds
=========     and is 4,007,002,108 bytes before the nearest allocation at 0x604e00000 of size 517,120 bytes
=========     Saved host backtrace up to driver entry point at kernel launch time
=========         Host Frame: cuLaunchKernel [0x7ffc276fd9e8] in nvcuda64.dll
=========         Host Frame:  [0xdc5e] in nvcudart_hybrid64.dll
=========         Host Frame: _cudaGetProcAddress [0x7ffc204e4f73] in nvcudart_hybrid64.dll
=========         Host Frame: _cudaGetProcAddress [0x7ffc204a8121] in nvcudart_hybrid64.dll
=========         Host Frame: ggml_backend_is_cuda [0x7ffb3a91900a] in ggml-cuda.dll
=========         Host Frame: ggml_backend_is_cuda [0x7ffb3a0e8bfb] in ggml-cuda.dll
=========         Host Frame: ggml_backend_is_cuda [0x7ffb3a0ea082] in ggml-cuda.dll
=========         Host Frame: ggml_backend_is_cuda [0x7ffb3a01169f] in ggml-cuda.dll
=========         Host Frame:  [0x12ac88] in ggml-cuda.dll
=========         Host Frame:  [0x1271e5] in ggml-cuda.dll
=========         Host Frame:  [0x1288a3] in ggml-cuda.dll
=========         Host Frame:  [0x118224] in ggml-cuda.dll
=========         Host Frame: ggml_tallocr_new [0x7ffc826d6968] in ggml-base.dll
=========         Host Frame: llama_set_nextn_layer_offset [0x7ffc219a68b9] in llama.dll
=========         Host Frame: llama_chat_builtin_templates [0x7ffc219a1026] in llama.dll
=========         Host Frame: llama_decode [0x7ffc219a914b] in llama.dll
=========         Host Frame: time [0x7ffb88220920] in llama-server-impl.dll
=========         Host Frame: time [0x7ffb88235dfe] in llama-server-impl.dll
=========         Host Frame: time [0x7ffb8827f5a5] in llama-server-impl.dll
=========         Host Frame: llama_server [0x7ffb8818cf5b] in llama-server-impl.dll
=========         Host Frame: std::thread::_Invoke<std::tuple<<lambda_3c4c967af51188f9751dc8f760a540d5> >,0> [0x7ffc2f566140] in llama-cli-impl.dll
=========         Host Frame: wcsrchr [0x7ffcb934cd30] in ucrtbase.dll
=========         Host Frame: BaseThreadInitThunk [0x7ffcb9c8ccb7] in KERNEL32.DLL
=========         Host Frame: RtlUserThreadStart [0x7ffcbbfcad6c] in ntdll.dll
========= 
========= Invalid __global__ write of size 4 bytes
=========     at void quantize_mmq_q8_1<(mmq_q8_1_ds_layout)0, (bool)1>(const float *, const int *, void *, long long, long long, long long, long long, long long, int, int, int)+0x800
=========     by thread (30,0,0) in block (43,1,0)
=========     Access to 0x5160a0008 is out of bounds
=========     and is 4,007,002,104 bytes before the nearest allocation at 0x604e00000 of size 517,120 bytes
=========     Saved host backtrace up to driver entry point at kernel launch time
=========         Host Frame: cuLaunchKernel [0x7ffc276fd9e8] in nvcuda64.dll
=========         Host Frame:  [0xdc5e] in nvcudart_hybrid64.dll
=========         Host Frame: _cudaGetProcAddress [0x7ffc204e4f73] in nvcudart_hybrid64.dll
=========         Host Frame: _cudaGetProcAddress [0x7ffc204a8121] in nvcudart_hybrid64.dll
=========         Host Frame: ggml_backend_is_cuda [0x7ffb3a91900a] in ggml-cuda.dll
=========         Host Frame: ggml_backend_is_cuda [0x7ffb3a0e8bfb] in ggml-cuda.dll
=========         Host Frame: ggml_backend_is_cuda [0x7ffb3a0ea082] in ggml-cuda.dll
=========         Host Frame: ggml_backend_is_cuda [0x7ffb3a01169f] in ggml-cuda.dll
=========         Host Frame:  [0x12ac88] in ggml-cuda.dll
=========         Host Frame:  [0x1271e5] in ggml-cuda.dll
=========         Host Frame:  [0x1288a3] in ggml-cuda.dll
=========         Host Frame:  [0x118224] in ggml-cuda.dll
=========         Host Frame: ggml_tallocr_new [0x7ffc826d6968] in ggml-base.dll
=========         Host Frame: llama_set_nextn_layer_offset [0x7ffc219a68b9] in llama.dll
=========         Host Frame: llama_chat_builtin_templates [0x7ffc219a1026] in llama.dll
=========         Host Frame: llama_decode [0x7ffc219a914b] in llama.dll
=========         Host Frame: time [0x7ffb88220920] in llama-server-impl.dll
=========         Host Frame: time [0x7ffb88235dfe] in llama-server-impl.dll
=========         Host Frame: time [0x7ffb8827f5a5] in llama-server-impl.dll
=========         Host Frame: llama_server [0x7ffb8818cf5b] in llama-server-impl.dll
=========         Host Frame: std::thread::_Invoke<std::tuple<<lambda_3c4c967af51188f9751dc8f760a540d5> >,0> [0x7ffc2f566140] in llama-cli-impl.dll
=========         Host Frame: wcsrchr [0x7ffcb934cd30] in ucrtbase.dll
=========         Host Frame: BaseThreadInitThunk [0x7ffcb9c8ccb7] in KERNEL32.DLL
=========         Host Frame: RtlUserThreadStart [0x7ffcbbfcad6c] in ntdll.dll
========= 
========= Invalid __global__ write of size 4 bytes
=========     at void quantize_mmq_q8_1<(mmq_q8_1_ds_layout)0, (bool)1>(const float *, const int *, void *, long long, long long, long long, long long, long long, int, int, int)+0x800
=========     by thread (31,0,0) in block (43,1,0)
=========     Access to 0x5160a000c is out of bounds
=========     and is 4,007,002,100 bytes before the nearest allocation at 0x604e00000 of size 517,120 bytes
=========     Saved host backtrace up to driver entry point at kernel launch time
=========         Host Frame: cuLaunchKernel [0x7ffc276fd9e8] in nvcuda64.dll
=========         Host Frame:  [0xdc5e] in nvcudart_hybrid64.dll
=========         Host Frame: _cudaGetProcAddress [0x7ffc204e4f73] in nvcudart_hybrid64.dll
=========         Host Frame: _cudaGetProcAddress [0x7ffc204a8121] in nvcudart_hybrid64.dll
=========         Host Frame: ggml_backend_is_cuda [0x7ffb3a91900a] in ggml-cuda.dll
=========         Host Frame: ggml_backend_is_cuda [0x7ffb3a0e8bfb] in ggml-cuda.dll
=========         Host Frame: ggml_backend_is_cuda [0x7ffb3a0ea082] in ggml-cuda.dll
=========         Host Frame: ggml_backend_is_cuda [0x7ffb3a01169f] in ggml-cuda.dll
=========         Host Frame:  [0x12ac88] in ggml-cuda.dll
=========         Host Frame:  [0x1271e5] in ggml-cuda.dll
=========         Host Frame:  [0x1288a3] in ggml-cuda.dll
=========         Host Frame:  [0x118224] in ggml-cuda.dll
=========         Host Frame: ggml_tallocr_new [0x7ffc826d6968] in ggml-base.dll
=========         Host Frame: llama_set_nextn_layer_offset [0x7ffc219a68b9] in llama.dll
=========         Host Frame: llama_chat_builtin_templates [0x7ffc219a1026] in llama.dll
=========         Host Frame: llama_decode [0x7ffc219a914b] in llama.dll
=========         Host Frame: time [0x7ffb88220920] in llama-server-impl.dll
=========         Host Frame: time [0x7ffb88235dfe] in llama-server-impl.dll
=========         Host Frame: time [0x7ffb8827f5a5] in llama-server-impl.dll
=========         Host Frame: llama_server [0x7ffb8818cf5b] in llama-server-impl.dll
=========         Host Frame: std::thread::_Invoke<std::tuple<<lambda_3c4c967af51188f9751dc8f760a540d5> >,0> [0x7ffc2f566140] in llama-cli-impl.dll
=========         Host Frame: wcsrchr [0x7ffcb934cd30] in ucrtbase.dll
=========         Host Frame: BaseThreadInitThunk [0x7ffcb9c8ccb7] in KERNEL32.DLL
=========         Host Frame: RtlUserThreadStart [0x7ffcbbfcad6c] in ntdll.dll
========= 
========= Invalid __global__ write of size 4 bytes
=========     at void quantize_mmq_q8_1<(mmq_q8_1_ds_layout)0, (bool)1>(const float *, const int *, void *, long long, long long, long long, long long, long long, int, int, int)+0x800
=========     by thread (64,0,0) in block (55,0,0)
=========     Access to 0x19bd9b7650 is out of bounds
=========     and is 50,417,333,841 bytes after the nearest allocation at 0xe00600000 of size 2,097,152 bytes
=========     Saved host backtrace up to driver entry point at kernel launch time
=========         Host Frame: cuLaunchKernel [0x7ffc276fd9e8] in nvcuda64.dll
=========         Host Frame:  [0xdc5e] in nvcudart_hybrid64.dll
=========         Host Frame: _cudaGetProcAddress [0x7ffc204e4f73] in nvcudart_hybrid64.dll
=========         Host Frame: _cudaGetProcAddress [0x7ffc204a8121] in nvcudart_hybrid64.dll
=========         Host Frame: ggml_backend_is_cuda [0x7ffb3a91900a] in ggml-cuda.dll
=========         Host Frame: ggml_backend_is_cuda [0x7ffb3a0e8bfb] in ggml-cuda.dll
=========         Host Frame: ggml_backend_is_cuda [0x7ffb3a0ea082] in ggml-cuda.dll
=========         Host Frame: ggml_backend_is_cuda [0x7ffb3a01169f] in ggml-cuda.dll
=========         Host Frame:  [0x12ac88] in ggml-cuda.dll
=========         Host Frame:  [0x1271e5] in ggml-cuda.dll
=========         Host Frame:  [0x1288a3] in ggml-cuda.dll
=========         Host Frame:  [0x118224] in ggml-cuda.dll
=========         Host Frame: ggml_tallocr_new [0x7ffc826d6968] in ggml-base.dll
=========         Host Frame: llama_set_nextn_layer_offset [0x7ffc219a68b9] in llama.dll
=========         Host Frame: llama_chat_builtin_templates [0x7ffc219a1026] in llama.dll
=========         Host Frame: llama_decode [0x7ffc219a914b] in llama.dll
=========         Host Frame: time [0x7ffb88220920] in llama-server-impl.dll
=========         Host Frame: time [0x7ffb88235dfe] in llama-server-impl.dll
=========         Host Frame: time [0x7ffb8827f5a5] in llama-server-impl.dll
=========         Host Frame: llama_server [0x7ffb8818cf5b] in llama-server-impl.dll
=========         Host Frame: std::thread::_Invoke<std::tuple<<lambda_3c4c967af51188f9751dc8f760a540d5> >,0> [0x7ffc2f566140] in llama-cli-impl.dll
=========         Host Frame: wcsrchr [0x7ffcb934cd30] in ucrtbase.dll
=========         Host Frame: BaseThreadInitThunk [0x7ffcb9c8ccb7] in KERNEL32.DLL
=========         Host Frame: RtlUserThreadStart [0x7ffcbbfcad6c] in ntdll.dll
========= 
========= Invalid __global__ write of size 4 bytes
=========     at void quantize_mmq_q8_1<(mmq_q8_1_ds_layout)0, (bool)1>(const float *, const int *, void *, long long, long long, long long, long long, long long, int, int, int)+0x800
=========     by thread (65,0,0) in block (55,0,0)
=========     Access to 0x19bd9b7654 is out of bounds
=========     and is 50,417,333,845 bytes after the nearest allocation at 0xe00600000 of size 2,097,152 bytes
=========     Saved host backtrace up to driver entry point at kernel launch time
=========         Host Frame: cuLaunchKernel [0x7ffc276fd9e8] in nvcuda64.dll
=========         Host Frame:  [0xdc5e] in nvcudart_hybrid64.dll
=========         Host Frame: _cudaGetProcAddress [0x7ffc204e4f73] in nvcudart_hybrid64.dll
=========         Host Frame: _cudaGetProcAddress [0x7ffc204a8121] in nvcudart_hybrid64.dll
=========         Host Frame: ggml_backend_is_cuda [0x7ffb3a91900a] in ggml-cuda.dll
=========         Host Frame: ggml_backend_is_cuda [0x7ffb3a0e8bfb] in ggml-cuda.dll
=========         Host Frame: ggml_backend_is_cuda [0x7ffb3a0ea082] in ggml-cuda.dll
=========         Host Frame: ggml_backend_is_cuda [0x7ffb3a01169f] in ggml-cuda.dll
=========         Host Frame:  [0x12ac88] in ggml-cuda.dll
=========         Host Frame:  [0x1271e5] in ggml-cuda.dll
=========         Host Frame:  [0x1288a3] in ggml-cuda.dll
=========         Host Frame:  [0x118224] in ggml-cuda.dll
=========         Host Frame: ggml_tallocr_new [0x7ffc826d6968] in ggml-base.dll
=========         Host Frame: llama_set_nextn_layer_offset [0x7ffc219a68b9] in llama.dll
=========         Host Frame: llama_chat_builtin_templates [0x7ffc219a1026] in llama.dll
=========         Host Frame: llama_decode [0x7ffc219a914b] in llama.dll
=========         Host Frame: time [0x7ffb88220920] in llama-server-impl.dll
=========         Host Frame: time [0x7ffb88235dfe] in llama-server-impl.dll
=========         Host Frame: time [0x7ffb8827f5a5] in llama-server-impl.dll
=========         Host Frame: llama_server [0x7ffb8818cf5b] in llama-server-impl.dll
=========         Host Frame: std::thread::_Invoke<std::tuple<<lambda_3c4c967af51188f9751dc8f760a540d5> >,0> [0x7ffc2f566140] in llama-cli-impl.dll
=========         Host Frame: wcsrchr [0x7ffcb934cd30] in ucrtbase.dll
=========         Host Frame: BaseThreadInitThunk [0x7ffcb9c8ccb7] in KERNEL32.DLL
=========         Host Frame: RtlUserThreadStart [0x7ffcbbfcad6c] in ntdll.dll
========= 
========= Invalid __global__ write of size 4 bytes
=========     at void quantize_mmq_q8_1<(mmq_q8_1_ds_layout)0, (bool)1>(const float *, const int *, void *, long long, long long, long long, long long, long long, int, int, int)+0x800
=========     by thread (66,0,0) in block (55,0,0)
=========     Access to 0x19bd9b7658 is out of bounds
=========     and is 50,417,333,849 bytes after the nearest allocation at 0xe00600000 of size 2,097,152 bytes
=========     Saved host backtrace up to driver entry point at kernel launch time
=========         Host Frame: cuLaunchKernel [0x7ffc276fd9e8] in nvcuda64.dll
=========         Host Frame:  [0xdc5e] in nvcudart_hybrid64.dll
=========         Host Frame: _cudaGetProcAddress [0x7ffc204e4f73] in nvcudart_hybrid64.dll
=========         Host Frame: _cudaGetProcAddress [0x7ffc204a8121] in nvcudart_hybrid64.dll
=========         Host Frame: ggml_backend_is_cuda [0x7ffb3a91900a] in ggml-cuda.dll
=========         Host Frame: ggml_backend_is_cuda [0x7ffb3a0e8bfb] in ggml-cuda.dll
=========         Host Frame: ggml_backend_is_cuda [0x7ffb3a0ea082] in ggml-cuda.dll
=========         Host Frame: ggml_backend_is_cuda [0x7ffb3a01169f] in ggml-cuda.dll
=========         Host Frame:  [0x12ac88] in ggml-cuda.dll
=========         Host Frame:  [0x1271e5] in ggml-cuda.dll
=========         Host Frame:  [0x1288a3] in ggml-cuda.dll
=========         Host Frame:  [0x118224] in ggml-cuda.dll
=========         Host Frame: ggml_tallocr_new [0x7ffc826d6968] in ggml-base.dll
=========         Host Frame: llama_set_nextn_layer_offset [0x7ffc219a68b9] in llama.dll
=========         Host Frame: llama_chat_builtin_templates [0x7ffc219a1026] in llama.dll
=========         Host Frame: llama_decode [0x7ffc219a914b] in llama.dll
=========         Host Frame: time [0x7ffb88220920] in llama-server-impl.dll
=========         Host Frame: time [0x7ffb88235dfe] in llama-server-impl.dll
=========         Host Frame: time [0x7ffb8827f5a5] in llama-server-impl.dll
=========         Host Frame: llama_server [0x7ffb8818cf5b] in llama-server-impl.dll
=========         Host Frame: std::thread::_Invoke<std::tuple<<lambda_3c4c967af51188f9751dc8f760a540d5> >,0> [0x7ffc2f566140] in llama-cli-impl.dll
=========         Host Frame: wcsrchr [0x7ffcb934cd30] in ucrtbase.dll
=========         Host Frame: BaseThreadInitThunk [0x7ffcb9c8ccb7] in KERNEL32.DLL
=========         Host Frame: RtlUserThreadStart [0x7ffcbbfcad6c] in ntdll.dll
========= 
========= Invalid __global__ write of size 4 bytes
=========     at void quantize_mmq_q8_1<(mmq_q8_1_ds_layout)0, (bool)1>(const float *, const int *, void *, long long, long long, long long, long long, long long, int, int, int)+0x800
=========     by thread (67,0,0) in block (55,0,0)
=========     Access to 0x19bd9b765c is out of bounds
=========     and is 50,417,333,853 bytes after the nearest allocation at 0xe00600000 of size 2,097,152 bytes
=========     Saved host backtrace up to driver entry point at kernel launch time
=========         Host Frame: cuLaunchKernel [0x7ffc276fd9e8] in nvcuda64.dll
=========         Host Frame:  [0xdc5e] in nvcudart_hybrid64.dll
=========         Host Frame: _cudaGetProcAddress [0x7ffc204e4f73] in nvcudart_hybrid64.dll
=========         Host Frame: _cudaGetProcAddress [0x7ffc204a8121] in nvcudart_hybrid64.dll
=========         Host Frame: ggml_backend_is_cuda [0x7ffb3a91900a] in ggml-cuda.dll
=========         Host Frame: ggml_backend_is_cuda [0x7ffb3a0e8bfb] in ggml-cuda.dll
=========         Host Frame: ggml_backend_is_cuda [0x7ffb3a0ea082] in ggml-cuda.dll
=========         Host Frame: ggml_backend_is_cuda [0x7ffb3a01169f] in ggml-cuda.dll
=========         Host Frame:  [0x12ac88] in ggml-cuda.dll
=========         Host Frame:  [0x1271e5] in ggml-cuda.dll
=========         Host Frame:  [0x1288a3] in ggml-cuda.dll
=========         Host Frame:  [0x118224] in ggml-cuda.dll
=========         Host Frame: ggml_tallocr_new [0x7ffc826d6968] in ggml-base.dll
=========         Host Frame: llama_set_nextn_layer_offset [0x7ffc219a68b9] in llama.dll
=========         Host Frame: llama_chat_builtin_templates [0x7ffc219a1026] in llama.dll
=========         Host Frame: llama_decode [0x7ffc219a914b] in llama.dll
=========         Host Frame: time [0x7ffb88220920] in llama-server-impl.dll
=========         Host Frame: time [0x7ffb88235dfe] in llama-server-impl.dll
=========         Host Frame: time [0x7ffb8827f5a5] in llama-server-impl.dll
=========         Host Frame: llama_server [0x7ffb8818cf5b] in llama-server-impl.dll
=========         Host Frame: std::thread::_Invoke<std::tuple<<lambda_3c4c967af51188f9751dc8f760a540d5> >,0> [0x7ffc2f566140] in llama-cli-impl.dll
=========         Host Frame: wcsrchr [0x7ffcb934cd30] in ucrtbase.dll
=========         Host Frame: BaseThreadInitThunk [0x7ffcb9c8ccb7] in KERNEL32.DLL
=========         Host Frame: RtlUserThreadStart [0x7ffcbbfcad6c] in ntdll.dll
========= 
========= Invalid __global__ write of size 4 bytes
=========     at void quantize_mmq_q8_1<(mmq_q8_1_ds_layout)0, (bool)1>(const float *, const int *, void *, long long, long long, long long, long long, long long, int, int, int)+0x800
=========     by thread (68,0,0) in block (55,0,0)
=========     Access to 0x19bd9b7660 is out of bounds
=========     and is 50,417,333,857 bytes after the nearest allocation at 0xe00600000 of size 2,097,152 bytes
=========     Saved host backtrace up to driver entry point at kernel launch time
=========         Host Frame: cuLaunchKernel [0x7ffc276fd9e8] in nvcuda64.dll
=========         Host Frame:  [0xdc5e] in nvcudart_hybrid64.dll
=========         Host Frame: _cudaGetProcAddress [0x7ffc204e4f73] in nvcudart_hybrid64.dll
=========         Host Frame: _cudaGetProcAddress [0x7ffc204a8121] in nvcudart_hybrid64.dll
=========         Host Frame: ggml_backend_is_cuda [0x7ffb3a91900a] in ggml-cuda.dll
=========         Host Frame: ggml_backend_is_cuda [0x7ffb3a0e8bfb] in ggml-cuda.dll
=========         Host Frame: ggml_backend_is_cuda [0x7ffb3a0ea082] in ggml-cuda.dll
=========         Host Frame: ggml_backend_is_cuda [0x7ffb3a01169f] in ggml-cuda.dll
=========         Host Frame:  [0x12ac88] in ggml-cuda.dll
=========         Host Frame:  [0x1271e5] in ggml-cuda.dll
=========         Host Frame:  [0x1288a3] in ggml-cuda.dll
=========         Host Frame:  [0x118224] in ggml-cuda.dll
=========         Host Frame: ggml_tallocr_new [0x7ffc826d6968] in ggml-base.dll
=========         Host Frame: llama_set_nextn_layer_offset [0x7ffc219a68b9] in llama.dll
=========         Host Frame: llama_chat_builtin_templates [0x7ffc219a1026] in llama.dll
=========         Host Frame: llama_decode [0x7ffc219a914b] in llama.dll
=========         Host Frame: time [0x7ffb88220920] in llama-server-impl.dll
=========         Host Frame: time [0x7ffb88235dfe] in llama-server-impl.dll
=========         Host Frame: time [0x7ffb8827f5a5] in llama-server-impl.dll
=========         Host Frame: llama_server [0x7ffb8818cf5b] in llama-server-impl.dll
=========         Host Frame: std::thread::_Invoke<std::tuple<<lambda_3c4c967af51188f9751dc8f760a540d5> >,0> [0x7ffc2f566140] in llama-cli-impl.dll
=========         Host Frame: wcsrchr [0x7ffcb934cd30] in ucrtbase.dll
=========         Host Frame: BaseThreadInitThunk [0x7ffcb9c8ccb7] in KERNEL32.DLL
=========         Host Frame: RtlUserThreadStart [0x7ffcbbfcad6c] in ntdll.dll
========= 
========= Invalid __global__ write of size 4 bytes
=========     at void quantize_mmq_q8_1<(mmq_q8_1_ds_layout)0, (bool)1>(const float *, const int *, void *, long long, long long, long long, long long, long long, int, int, int)+0x800
=========     by thread (69,0,0) in block (55,0,0)
=========     Access to 0x19bd9b7664 is out of bounds
=========     and is 50,417,333,861 bytes after the nearest allocation at 0xe00600000 of size 2,097,152 bytes
=========     Saved host backtrace up to driver entry point at kernel launch time
=========         Host Frame: cuLaunchKernel [0x7ffc276fd9e8] in nvcuda64.dll
=========         Host Frame:  [0xdc5e] in nvcudart_hybrid64.dll
=========         Host Frame: _cudaGetProcAddress [0x7ffc204e4f73] in nvcudart_hybrid64.dll
=========         Host Frame: _cudaGetProcAddress [0x7ffc204a8121] in nvcudart_hybrid64.dll
=========         Host Frame: ggml_backend_is_cuda [0x7ffb3a91900a] in ggml-cuda.dll
=========         Host Frame: ggml_backend_is_cuda [0x7ffb3a0e8bfb] in ggml-cuda.dll
=========         Host Frame: ggml_backend_is_cuda [0x7ffb3a0ea082] in ggml-cuda.dll
=========         Host Frame: ggml_backend_is_cuda [0x7ffb3a01169f] in ggml-cuda.dll
=========         Host Frame:  [0x12ac88] in ggml-cuda.dll
=========         Host Frame:  [0x1271e5] in ggml-cuda.dll
=========         Host Frame:  [0x1288a3] in ggml-cuda.dll
=========         Host Frame:  [0x118224] in ggml-cuda.dll
=========         Host Frame: ggml_tallocr_new [0x7ffc826d6968] in ggml-base.dll
=========         Host Frame: llama_set_nextn_layer_offset [0x7ffc219a68b9] in llama.dll
=========         Host Frame: llama_chat_builtin_templates [0x7ffc219a1026] in llama.dll
=========         Host Frame: llama_decode [0x7ffc219a914b] in llama.dll
=========         Host Frame: time [0x7ffb88220920] in llama-server-impl.dll
=========         Host Frame: time [0x7ffb88235dfe] in llama-server-impl.dll
=========         Host Frame: time [0x7ffb8827f5a5] in llama-server-impl.dll
=========         Host Frame: llama_server [0x7ffb8818cf5b] in llama-server-impl.dll
=========         Host Frame: std::thread::_Invoke<std::tuple<<lambda_3c4c967af51188f9751dc8f760a540d5> >,0> [0x7ffc2f566140] in llama-cli-impl.dll
=========         Host Frame: wcsrchr [0x7ffcb934cd30] in ucrtbase.dll
=========         Host Frame: BaseThreadInitThunk [0x7ffcb9c8ccb7] in KERNEL32.DLL
=========         Host Frame: RtlUserThreadStart [0x7ffcbbfcad6c] in ntdll.dll
========= 
========= Invalid __global__ write of size 4 bytes
=========     at void quantize_mmq_q8_1<(mmq_q8_1_ds_layout)0, (bool)1>(const float *, const int *, void *, long long, long long, long long, long long, long long, int, int, int)+0x800
=========     by thread (70,0,0) in block (55,0,0)
=========     Access to 0x19bd9b7668 is out of bounds
=========     and is 50,417,333,865 bytes after the nearest allocation at 0xe00600000 of size 2,097,152 bytes
=========     Saved host backtrace up to driver entry point at kernel launch time
=========         Host Frame: cuLaunchKernel [0x7ffc276fd9e8] in nvcuda64.dll
=========         Host Frame:  [0xdc5e] in nvcudart_hybrid64.dll
=========         Host Frame: _cudaGetProcAddress [0x7ffc204e4f73] in nvcudart_hybrid64.dll
=========         Host Frame: _cudaGetProcAddress [0x7ffc204a8121] in nvcudart_hybrid64.dll
=========         Host Frame: ggml_backend_is_cuda [0x7ffb3a91900a] in ggml-cuda.dll
=========         Host Frame: ggml_backend_is_cuda [0x7ffb3a0e8bfb] in ggml-cuda.dll
=========         Host Frame: ggml_backend_is_cuda [0x7ffb3a0ea082] in ggml-cuda.dll
=========         Host Frame: ggml_backend_is_cuda [0x7ffb3a01169f] in ggml-cuda.dll
=========         Host Frame:  [0x12ac88] in ggml-cuda.dll
=========         Host Frame:  [0x1271e5] in ggml-cuda.dll
=========         Host Frame:  [0x1288a3] in ggml-cuda.dll
=========         Host Frame:  [0x118224] in ggml-cuda.dll
=========         Host Frame: ggml_tallocr_new [0x7ffc826d6968] in ggml-base.dll
=========         Host Frame: llama_set_nextn_layer_offset [0x7ffc219a68b9] in llama.dll
=========         Host Frame: llama_chat_builtin_templates [0x7ffc219a1026] in llama.dll
=========         Host Frame: llama_decode [0x7ffc219a914b] in llama.dll
=========         Host Frame: time [0x7ffb88220920] in llama-server-impl.dll
=========         Host Frame: time [0x7ffb88235dfe] in llama-server-impl.dll
=========         Host Frame: time [0x7ffb8827f5a5] in llama-server-impl.dll
=========         Host Frame: llama_server [0x7ffb8818cf5b] in llama-server-impl.dll
=========         Host Frame: std::thread::_Invoke<std::tuple<<lambda_3c4c967af51188f9751dc8f760a540d5> >,0> [0x7ffc2f566140] in llama-cli-impl.dll
=========         Host Frame: wcsrchr [0x7ffcb934cd30] in ucrtbase.dll
=========         Host Frame: BaseThreadInitThunk [0x7ffcb9c8ccb7] in KERNEL32.DLL
=========         Host Frame: RtlUserThreadStart [0x7ffcbbfcad6c] in ntdll.dll
========= 
========= Invalid __global__ write of size 4 bytes
=========     at void quantize_mmq_q8_1<(mmq_q8_1_ds_layout)0, (bool)1>(const float *, const int *, void *, long long, long long, long long, long long, long long, int, int, int)+0x800
=========     by thread (71,0,0) in block (55,0,0)
=========     Access to 0x19bd9b766c is out of bounds
=========     and is 50,417,333,869 bytes after the nearest allocation at 0xe00600000 of size 2,097,152 bytes
=========     Saved host backtrace up to driver entry point at kernel launch time
=========         Host Frame: cuLaunchKernel [0x7ffc276fd9e8] in nvcuda64.dll
=========         Host Frame:  [0xdc5e] in nvcudart_hybrid64.dll
=========         Host Frame: _cudaGetProcAddress [0x7ffc204e4f73] in nvcudart_hybrid64.dll
=========         Host Frame: _cudaGetProcAddress [0x7ffc204a8121] in nvcudart_hybrid64.dll
=========         Host Frame: ggml_backend_is_cuda [0x7ffb3a91900a] in ggml-cuda.dll
=========         Host Frame: ggml_backend_is_cuda [0x7ffb3a0e8bfb] in ggml-cuda.dll
=========         Host Frame: ggml_backend_is_cuda [0x7ffb3a0ea082] in ggml-cuda.dll
=========         Host Frame: ggml_backend_is_cuda [0x7ffb3a01169f] in ggml-cuda.dll
=========         Host Frame:  [0x12ac88] in ggml-cuda.dll
=========         Host Frame:  [0x1271e5] in ggml-cuda.dll
=========         Host Frame:  [0x1288a3] in ggml-cuda.dll
=========         Host Frame:  [0x118224] in ggml-cuda.dll
=========         Host Frame: ggml_tallocr_new [0x7ffc826d6968] in ggml-base.dll
=========         Host Frame: llama_set_nextn_layer_offset [0x7ffc219a68b9] in llama.dll
=========         Host Frame: llama_chat_builtin_templates [0x7ffc219a1026] in llama.dll
=========         Host Frame: llama_decode [0x7ffc219a914b] in llama.dll
=========         Host Frame: time [0x7ffb88220920] in llama-server-impl.dll
=========         Host Frame: time [0x7ffb88235dfe] in llama-server-impl.dll
=========         Host Frame: time [0x7ffb8827f5a5] in llama-server-impl.dll
=========         Host Frame: llama_server [0x7ffb8818cf5b] in llama-server-impl.dll
=========         Host Frame: std::thread::_Invoke<std::tuple<<lambda_3c4c967af51188f9751dc8f760a540d5> >,0> [0x7ffc2f566140] in llama-cli-impl.dll
=========         Host Frame: wcsrchr [0x7ffcb934cd30] in ucrtbase.dll
=========         Host Frame: BaseThreadInitThunk [0x7ffcb9c8ccb7] in KERNEL32.DLL
=========         Host Frame: RtlUserThreadStart [0x7ffcbbfcad6c] in ntdll.dll
========= 
========= Invalid __global__ write of size 4 bytes
=========     at void quantize_mmq_q8_1<(mmq_q8_1_ds_layout)0, (bool)1>(const float *, const int *, void *, long long, long long, long long, long long, long long, int, int, int)+0x800
=========     by thread (72,0,0) in block (55,0,0)
=========     Access to 0x19bd9b7670 is out of bounds
=========     and is 50,417,333,873 bytes after the nearest allocation at 0xe00600000 of size 2,097,152 bytes
=========     Saved host backtrace up to driver entry point at kernel launch time
=========         Host Frame: cuLaunchKernel [0x7ffc276fd9e8] in nvcuda64.dll
=========         Host Frame:  [0xdc5e] in nvcudart_hybrid64.dll
=========         Host Frame: _cudaGetProcAddress [0x7ffc204e4f73] in nvcudart_hybrid64.dll
=========         Host Frame: _cudaGetProcAddress [0x7ffc204a8121] in nvcudart_hybrid64.dll
=========         Host Frame: ggml_backend_is_cuda [0x7ffb3a91900a] in ggml-cuda.dll
=========         Host Frame: ggml_backend_is_cuda [0x7ffb3a0e8bfb] in ggml-cuda.dll
=========         Host Frame: ggml_backend_is_cuda [0x7ffb3a0ea082] in ggml-cuda.dll
=========         Host Frame: ggml_backend_is_cuda [0x7ffb3a01169f] in ggml-cuda.dll
=========         Host Frame:  [0x12ac88] in ggml-cuda.dll
=========         Host Frame:  [0x1271e5] in ggml-cuda.dll
=========         Host Frame:  [0x1288a3] in ggml-cuda.dll
=========         Host Frame:  [0x118224] in ggml-cuda.dll
=========         Host Frame: ggml_tallocr_new [0x7ffc826d6968] in ggml-base.dll
=========         Host Frame: llama_set_nextn_layer_offset [0x7ffc219a68b9] in llama.dll
=========         Host Frame: llama_chat_builtin_templates [0x7ffc219a1026] in llama.dll
=========         Host Frame: llama_decode [0x7ffc219a914b] in llama.dll
=========         Host Frame: time [0x7ffb88220920] in llama-server-impl.dll
=========         Host Frame: time [0x7ffb88235dfe] in llama-server-impl.dll
=========         Host Frame: time [0x7ffb8827f5a5] in llama-server-impl.dll
=========         Host Frame: llama_server [0x7ffb8818cf5b] in llama-server-impl.dll
=========         Host Frame: std::thread::_Invoke<std::tuple<<lambda_3c4c967af51188f9751dc8f760a540d5> >,0> [0x7ffc2f566140] in llama-cli-impl.dll
=========         Host Frame: wcsrchr [0x7ffcb934cd30] in ucrtbase.dll
=========         Host Frame: BaseThreadInitThunk [0x7ffcb9c8ccb7] in KERNEL32.DLL
=========         Host Frame: RtlUserThreadStart [0x7ffcbbfcad6c] in ntdll.dll
========= 
========= Invalid __global__ write of size 4 bytes
=========     at void quantize_mmq_q8_1<(mmq_q8_1_ds_layout)0, (bool)1>(const float *, const int *, void *, long long, long long, long long, long long, long long, int, int, int)+0x800
=========     by thread (73,0,0) in block (55,0,0)
=========     Access to 0x19bd9b7674 is out of bounds
=========     and is 50,417,333,877 bytes after the nearest allocation at 0xe00600000 of size 2,097,152 bytes
=========     Saved host backtrace up to driver entry point at kernel launch time
=========         Host Frame: cuLaunchKernel [0x7ffc276fd9e8] in nvcuda64.dll
=========         Host Frame:  [0xdc5e] in nvcudart_hybrid64.dll
=========         Host Frame: _cudaGetProcAddress [0x7ffc204e4f73] in nvcudart_hybrid64.dll
=========         Host Frame: _cudaGetProcAddress [0x7ffc204a8121] in nvcudart_hybrid64.dll
=========         Host Frame: ggml_backend_is_cuda [0x7ffb3a91900a] in ggml-cuda.dll
=========         Host Frame: ggml_backend_is_cuda [0x7ffb3a0e8bfb] in ggml-cuda.dll
=========         Host Frame: ggml_backend_is_cuda [0x7ffb3a0ea082] in ggml-cuda.dll
=========         Host Frame: ggml_backend_is_cuda [0x7ffb3a01169f] in ggml-cuda.dll
=========         Host Frame:  [0x12ac88] in ggml-cuda.dll
=========         Host Frame:  [0x1271e5] in ggml-cuda.dll
=========         Host Frame:  [0x1288a3] in ggml-cuda.dll
=========         Host Frame:  [0x118224] in ggml-cuda.dll
=========         Host Frame: ggml_tallocr_new [0x7ffc826d6968] in ggml-base.dll
=========         Host Frame: llama_set_nextn_layer_offset [0x7ffc219a68b9] in llama.dll
=========         Host Frame: llama_chat_builtin_templates [0x7ffc219a1026] in llama.dll
=========         Host Frame: llama_decode [0x7ffc219a914b] in llama.dll
=========         Host Frame: time [0x7ffb88220920] in llama-server-impl.dll
=========         Host Frame: time [0x7ffb88235dfe] in llama-server-impl.dll
=========         Host Frame: time [0x7ffb8827f5a5] in llama-server-impl.dll
=========         Host Frame: llama_server [0x7ffb8818cf5b] in llama-server-impl.dll
=========         Host Frame: std::thread::_Invoke<std::tuple<<lambda_3c4c967af51188f9751dc8f760a540d5> >,0> [0x7ffc2f566140] in llama-cli-impl.dll
=========         Host Frame: wcsrchr [0x7ffcb934cd30] in ucrtbase.dll
=========         Host Frame: BaseThreadInitThunk [0x7ffcb9c8ccb7] in KERNEL32.DLL
=========         Host Frame: RtlUserThreadStart [0x7ffcbbfcad6c] in ntdll.dll
========= 
========= Invalid __global__ write of size 4 bytes
=========     at void quantize_mmq_q8_1<(mmq_q8_1_ds_layout)0, (bool)1>(const float *, const int *, void *, long long, long long, long long, long long, long long, int, int, int)+0x800
=========     by thread (74,0,0) in block (55,0,0)
=========     Access to 0x19bd9b7678 is out of bounds
=========     and is 50,417,333,881 bytes after the nearest allocation at 0xe00600000 of size 2,097,152 bytes
=========     Saved host backtrace up to driver entry point at kernel launch time
=========         Host Frame: cuLaunchKernel [0x7ffc276fd9e8] in nvcuda64.dll
=========         Host Frame:  [0xdc5e] in nvcudart_hybrid64.dll
=========         Host Frame: _cudaGetProcAddress [0x7ffc204e4f73] in nvcudart_hybrid64.dll
=========         Host Frame: _cudaGetProcAddress [0x7ffc204a8121] in nvcudart_hybrid64.dll
=========         Host Frame: ggml_backend_is_cuda [0x7ffb3a91900a] in ggml-cuda.dll
=========         Host Frame: ggml_backend_is_cuda [0x7ffb3a0e8bfb] in ggml-cuda.dll
=========         Host Frame: ggml_backend_is_cuda [0x7ffb3a0ea082] in ggml-cuda.dll
=========         Host Frame: ggml_backend_is_cuda [0x7ffb3a01169f] in ggml-cuda.dll
=========         Host Frame:  [0x12ac88] in ggml-cuda.dll
=========         Host Frame:  [0x1271e5] in ggml-cuda.dll
=========         Host Frame:  [0x1288a3] in ggml-cuda.dll
=========         Host Frame:  [0x118224] in ggml-cuda.dll
=========         Host Frame: ggml_tallocr_new [0x7ffc826d6968] in ggml-base.dll
=========         Host Frame: llama_set_nextn_layer_offset [0x7ffc219a68b9] in llama.dll
=========         Host Frame: llama_chat_builtin_templates [0x7ffc219a1026] in llama.dll
=========         Host Frame: llama_decode [0x7ffc219a914b] in llama.dll
=========         Host Frame: time [0x7ffb88220920] in llama-server-impl.dll
=========         Host Frame: time [0x7ffb88235dfe] in llama-server-impl.dll
=========         Host Frame: time [0x7ffb8827f5a5] in llama-server-impl.dll
=========         Host Frame: llama_server [0x7ffb8818cf5b] in llama-server-impl.dll
=========         Host Frame: std::thread::_Invoke<std::tuple<<lambda_3c4c967af51188f9751dc8f760a540d5> >,0> [0x7ffc2f566140] in llama-cli-impl.dll
=========         Host Frame: wcsrchr [0x7ffcb934cd30] in ucrtbase.dll
=========         Host Frame: BaseThreadInitThunk [0x7ffcb9c8ccb7] in KERNEL32.DLL
=========         Host Frame: RtlUserThreadStart [0x7ffcbbfcad6c] in ntdll.dll
========= 
========= Invalid __global__ write of size 4 bytes
=========     at void quantize_mmq_q8_1<(mmq_q8_1_ds_layout)0, (bool)1>(const float *, const int *, void *, long long, long long, long long, long long, long long, int, int, int)+0x800
=========     by thread (75,0,0) in block (55,0,0)
=========     Access to 0x19bd9b767c is out of bounds
=========     and is 50,417,333,885 bytes after the nearest allocation at 0xe00600000 of size 2,097,152 bytes
=========     Saved host backtrace up to driver entry point at kernel launch time
=========         Host Frame: cuLaunchKernel [0x7ffc276fd9e8] in nvcuda64.dll
=========         Host Frame:  [0xdc5e] in nvcudart_hybrid64.dll
=========         Host Frame: _cudaGetProcAddress [0x7ffc204e4f73] in nvcudart_hybrid64.dll
=========         Host Frame: _cudaGetProcAddress [0x7ffc204a8121] in nvcudart_hybrid64.dll
=========         Host Frame: ggml_backend_is_cuda [0x7ffb3a91900a] in ggml-cuda.dll
=========         Host Frame: ggml_backend_is_cuda [0x7ffb3a0e8bfb] in ggml-cuda.dll
=========         Host Frame: ggml_backend_is_cuda [0x7ffb3a0ea082] in ggml-cuda.dll
=========         Host Frame: ggml_backend_is_cuda [0x7ffb3a01169f] in ggml-cuda.dll
=========         Host Frame:  [0x12ac88] in ggml-cuda.dll
=========         Host Frame:  [0x1271e5] in ggml-cuda.dll
=========         Host Frame:  [0x1288a3] in ggml-cuda.dll
=========         Host Frame:  [0x118224] in ggml-cuda.dll
=========         Host Frame: ggml_tallocr_new [0x7ffc826d6968] in ggml-base.dll
=========         Host Frame: llama_set_nextn_layer_offset [0x7ffc219a68b9] in llama.dll
=========         Host Frame: llama_chat_builtin_templates [0x7ffc219a1026] in llama.dll
=========         Host Frame: llama_decode [0x7ffc219a914b] in llama.dll
=========         Host Frame: time [0x7ffb88220920] in llama-server-impl.dll
=========         Host Frame: time [0x7ffb88235dfe] in llama-server-impl.dll
=========         Host Frame: time [0x7ffb8827f5a5] in llama-server-impl.dll
=========         Host Frame: llama_server [0x7ffb8818cf5b] in llama-server-impl.dll
=========         Host Frame: std::thread::_Invoke<std::tuple<<lambda_3c4c967af51188f9751dc8f760a540d5> >,0> [0x7ffc2f566140] in llama-cli-impl.dll
=========         Host Frame: wcsrchr [0x7ffcb934cd30] in ucrtbase.dll
=========         Host Frame: BaseThreadInitThunk [0x7ffcb9c8ccb7] in KERNEL32.DLL
=========         Host Frame: RtlUserThreadStart [0x7ffcbbfcad6c] in ntdll.dll
========= 
========= Invalid __global__ write of size 4 bytes
=========     at void quantize_mmq_q8_1<(mmq_q8_1_ds_layout)0, (bool)1>(const float *, const int *, void *, long long, long long, long long, long long, long long, int, int, int)+0x800
=========     by thread (76,0,0) in block (55,0,0)
=========     Access to 0x19bd9b7680 is out of bounds
=========     and is 50,417,333,889 bytes after the nearest allocation at 0xe00600000 of size 2,097,152 bytes
=========     Saved host backtrace up to driver entry point at kernel launch time
=========         Host Frame: cuLaunchKernel [0x7ffc276fd9e8] in nvcuda64.dll
=========         Host Frame:  [0xdc5e] in nvcudart_hybrid64.dll
=========         Host Frame: _cudaGetProcAddress [0x7ffc204e4f73] in nvcudart_hybrid64.dll
=========         Host Frame: _cudaGetProcAddress [0x7ffc204a8121] in nvcudart_hybrid64.dll
=========         Host Frame: ggml_backend_is_cuda [0x7ffb3a91900a] in ggml-cuda.dll
=========         Host Frame: ggml_backend_is_cuda [0x7ffb3a0e8bfb] in ggml-cuda.dll
=========         Host Frame: ggml_backend_is_cuda [0x7ffb3a0ea082] in ggml-cuda.dll
=========         Host Frame: ggml_backend_is_cuda [0x7ffb3a01169f] in ggml-cuda.dll
=========         Host Frame:  [0x12ac88] in ggml-cuda.dll
=========         Host Frame:  [0x1271e5] in ggml-cuda.dll
=========         Host Frame:  [0x1288a3] in ggml-cuda.dll
=========         Host Frame:  [0x118224] in ggml-cuda.dll
=========         Host Frame: ggml_tallocr_new [0x7ffc826d6968] in ggml-base.dll
=========         Host Frame: llama_set_nextn_layer_offset [0x7ffc219a68b9] in llama.dll
=========         Host Frame: llama_chat_builtin_templates [0x7ffc219a1026] in llama.dll
=========         Host Frame: llama_decode [0x7ffc219a914b] in llama.dll
=========         Host Frame: time [0x7ffb88220920] in llama-server-impl.dll
=========         Host Frame: time [0x7ffb88235dfe] in llama-server-impl.dll
=========         Host Frame: time [0x7ffb8827f5a5] in llama-server-impl.dll
=========         Host Frame: llama_server [0x7ffb8818cf5b] in llama-server-impl.dll
=========         Host Frame: std::thread::_Invoke<std::tuple<<lambda_3c4c967af51188f9751dc8f760a540d5> >,0> [0x7ffc2f566140] in llama-cli-impl.dll
=========         Host Frame: wcsrchr [0x7ffcb934cd30] in ucrtbase.dll
=========         Host Frame: BaseThreadInitThunk [0x7ffcb9c8ccb7] in KERNEL32.DLL
=========         Host Frame: RtlUserThreadStart [0x7ffcbbfcad6c] in ntdll.dll
========= 
========= Invalid __global__ write of size 4 bytes
=========     at void quantize_mmq_q8_1<(mmq_q8_1_ds_layout)0, (bool)1>(const float *, const int *, void *, long long, long long, long long, long long, long long, int, int, int)+0x800
=========     by thread (77,0,0) in block (55,0,0)
=========     Access to 0x19bd9b7684 is out of bounds
=========     and is 50,417,333,893 bytes after the nearest allocation at 0xe00600000 of size 2,097,152 bytes
=========     Saved host backtrace up to driver entry point at kernel launch time
=========         Host Frame: cuLaunchKernel [0x7ffc276fd9e8] in nvcuda64.dll
=========         Host Frame:  [0xdc5e] in nvcudart_hybrid64.dll
=========         Host Frame: _cudaGetProcAddress [0x7ffc204e4f73] in nvcudart_hybrid64.dll
=========         Host Frame: _cudaGetProcAddress [0x7ffc204a8121] in nvcudart_hybrid64.dll
=========         Host Frame: ggml_backend_is_cuda [0x7ffb3a91900a] in ggml-cuda.dll
=========         Host Frame: ggml_backend_is_cuda [0x7ffb3a0e8bfb] in ggml-cuda.dll
=========         Host Frame: ggml_backend_is_cuda [0x7ffb3a0ea082] in ggml-cuda.dll
=========         Host Frame: ggml_backend_is_cuda [0x7ffb3a01169f] in ggml-cuda.dll
=========         Host Frame:  [0x12ac88] in ggml-cuda.dll
=========         Host Frame:  [0x1271e5] in ggml-cuda.dll
=========         Host Frame:  [0x1288a3] in ggml-cuda.dll
=========         Host Frame:  [0x118224] in ggml-cuda.dll
=========         Host Frame: ggml_tallocr_new [0x7ffc826d6968] in ggml-base.dll
=========         Host Frame: llama_set_nextn_layer_offset [0x7ffc219a68b9] in llama.dll
=========         Host Frame: llama_chat_builtin_templates [0x7ffc219a1026] in llama.dll
=========         Host Frame: llama_decode [0x7ffc219a914b] in llama.dll
=========         Host Frame: time [0x7ffb88220920] in llama-server-impl.dll
=========         Host Frame: time [0x7ffb88235dfe] in llama-server-impl.dll
=========         Host Frame: time [0x7ffb8827f5a5] in llama-server-impl.dll
=========         Host Frame: llama_server [0x7ffb8818cf5b] in llama-server-impl.dll
=========         Host Frame: std::thread::_Invoke<std::tuple<<lambda_3c4c967af51188f9751dc8f760a540d5> >,0> [0x7ffc2f566140] in llama-cli-impl.dll
=========         Host Frame: wcsrchr [0x7ffcb934cd30] in ucrtbase.dll
=========         Host Frame: BaseThreadInitThunk [0x7ffcb9c8ccb7] in KERNEL32.DLL
=========         Host Frame: RtlUserThreadStart [0x7ffcbbfcad6c] in ntdll.dll
========= 
========= Invalid __global__ write of size 4 bytes
=========     at void quantize_mmq_q8_1<(mmq_q8_1_ds_layout)0, (bool)1>(const float *, const int *, void *, long long, long long, long long, long long, long long, int, int, int)+0x800
=========     by thread (78,0,0) in block (55,0,0)
=========     Access to 0x19bd9b7688 is out of bounds
=========     and is 50,417,333,897 bytes after the nearest allocation at 0xe00600000 of size 2,097,152 bytes
=========     Saved host backtrace up to driver entry point at kernel launch time
=========         Host Frame: cuLaunchKernel [0x7ffc276fd9e8] in nvcuda64.dll
=========         Host Frame:  [0xdc5e] in nvcudart_hybrid64.dll
=========         Host Frame: _cudaGetProcAddress [0x7ffc204e4f73] in nvcudart_hybrid64.dll
=========         Host Frame: _cudaGetProcAddress [0x7ffc204a8121] in nvcudart_hybrid64.dll
=========         Host Frame: ggml_backend_is_cuda [0x7ffb3a91900a] in ggml-cuda.dll
=========         Host Frame: ggml_backend_is_cuda [0x7ffb3a0e8bfb] in ggml-cuda.dll
=========         Host Frame: ggml_backend_is_cuda [0x7ffb3a0ea082] in ggml-cuda.dll
=========         Host Frame: ggml_backend_is_cuda [0x7ffb3a01169f] in ggml-cuda.dll
=========         Host Frame:  [0x12ac88] in ggml-cuda.dll
=========         Host Frame:  [0x1271e5] in ggml-cuda.dll
=========         Host Frame:  [0x1288a3] in ggml-cuda.dll
=========         Host Frame:  [0x118224] in ggml-cuda.dll
=========         Host Frame: ggml_tallocr_new [0x7ffc826d6968] in ggml-base.dll
=========         Host Frame: llama_set_nextn_layer_offset [0x7ffc219a68b9] in llama.dll
=========         Host Frame: llama_chat_builtin_templates [0x7ffc219a1026] in llama.dll
=========         Host Frame: llama_decode [0x7ffc219a914b] in llama.dll
=========         Host Frame: time [0x7ffb88220920] in llama-server-impl.dll
=========         Host Frame: time [0x7ffb88235dfe] in llama-server-impl.dll
=========         Host Frame: time [0x7ffb8827f5a5] in llama-server-impl.dll
=========         Host Frame: llama_server [0x7ffb8818cf5b] in llama-server-impl.dll
=========         Host Frame: std::thread::_Invoke<std::tuple<<lambda_3c4c967af51188f9751dc8f760a540d5> >,0> [0x7ffc2f566140] in llama-cli-impl.dll
=========         Host Frame: wcsrchr [0x7ffcb934cd30] in ucrtbase.dll
=========         Host Frame: BaseThreadInitThunk [0x7ffcb9c8ccb7] in KERNEL32.DLL
=========         Host Frame: RtlUserThreadStart [0x7ffcbbfcad6c] in ntdll.dll
========= 
========= Invalid __global__ write of size 4 bytes
=========     at void quantize_mmq_q8_1<(mmq_q8_1_ds_layout)0, (bool)1>(const float *, const int *, void *, long long, long long, long long, long long, long long, int, int, int)+0x800
=========     by thread (79,0,0) in block (55,0,0)
=========     Access to 0x19bd9b768c is out of bounds
=========     and is 50,417,333,901 bytes after the nearest allocation at 0xe00600000 of size 2,097,152 bytes
=========     Saved host backtrace up to driver entry point at kernel launch time
=========         Host Frame: cuLaunchKernel [0x7ffc276fd9e8] in nvcuda64.dll
=========         Host Frame:  [0xdc5e] in nvcudart_hybrid64.dll
=========         Host Frame: _cudaGetProcAddress [0x7ffc204e4f73] in nvcudart_hybrid64.dll
=========         Host Frame: _cudaGetProcAddress [0x7ffc204a8121] in nvcudart_hybrid64.dll
=========         Host Frame: ggml_backend_is_cuda [0x7ffb3a91900a] in ggml-cuda.dll
=========         Host Frame: ggml_backend_is_cuda [0x7ffb3a0e8bfb] in ggml-cuda.dll
=========         Host Frame: ggml_backend_is_cuda [0x7ffb3a0ea082] in ggml-cuda.dll
=========         Host Frame: ggml_backend_is_cuda [0x7ffb3a01169f] in ggml-cuda.dll
=========         Host Frame:  [0x12ac88] in ggml-cuda.dll
=========         Host Frame:  [0x1271e5] in ggml-cuda.dll
=========         Host Frame:  [0x1288a3] in ggml-cuda.dll
=========         Host Frame:  [0x118224] in ggml-cuda.dll
=========         Host Frame: ggml_tallocr_new [0x7ffc826d6968] in ggml-base.dll
=========         Host Frame: llama_set_nextn_layer_offset [0x7ffc219a68b9] in llama.dll
=========         Host Frame: llama_chat_builtin_templates [0x7ffc219a1026] in llama.dll
=========         Host Frame: llama_decode [0x7ffc219a914b] in llama.dll
=========         Host Frame: time [0x7ffb88220920] in llama-server-impl.dll
=========         Host Frame: time [0x7ffb88235dfe] in llama-server-impl.dll
=========         Host Frame: time [0x7ffb8827f5a5] in llama-server-impl.dll
=========         Host Frame: llama_server [0x7ffb8818cf5b] in llama-server-impl.dll
=========         Host Frame: std::thread::_Invoke<std::tuple<<lambda_3c4c967af51188f9751dc8f760a540d5> >,0> [0x7ffc2f566140] in llama-cli-impl.dll
=========         Host Frame: wcsrchr [0x7ffcb934cd30] in ucrtbase.dll
=========         Host Frame: BaseThreadInitThunk [0x7ffcb9c8ccb7] in KERNEL32.DLL
=========         Host Frame: RtlUserThreadStart [0x7ffcbbfcad6c] in ntdll.dll
========= 
========= Invalid __global__ write of size 4 bytes
=========     at void quantize_mmq_q8_1<(mmq_q8_1_ds_layout)0, (bool)1>(const float *, const int *, void *, long long, long long, long long, long long, long long, int, int, int)+0x800
=========     by thread (80,0,0) in block (55,0,0)
=========     Access to 0x19bd9b7690 is out of bounds
=========     and is 50,417,333,905 bytes after the nearest allocation at 0xe00600000 of size 2,097,152 bytes
=========     Saved host backtrace up to driver entry point at kernel launch time
=========         Host Frame: cuLaunchKernel [0x7ffc276fd9e8] in nvcuda64.dll
=========         Host Frame:  [0xdc5e] in nvcudart_hybrid64.dll
=========         Host Frame: _cudaGetProcAddress [0x7ffc204e4f73] in nvcudart_hybrid64.dll
=========         Host Frame: _cudaGetProcAddress [0x7ffc204a8121] in nvcudart_hybrid64.dll
=========         Host Frame: ggml_backend_is_cuda [0x7ffb3a91900a] in ggml-cuda.dll
=========         Host Frame: ggml_backend_is_cuda [0x7ffb3a0e8bfb] in ggml-cuda.dll
=========         Host Frame: ggml_backend_is_cuda [0x7ffb3a0ea082] in ggml-cuda.dll
=========         Host Frame: ggml_backend_is_cuda [0x7ffb3a01169f] in ggml-cuda.dll
=========         Host Frame:  [0x12ac88] in ggml-cuda.dll
=========         Host Frame:  [0x1271e5] in ggml-cuda.dll
=========         Host Frame:  [0x1288a3] in ggml-cuda.dll
=========         Host Frame:  [0x118224] in ggml-cuda.dll
=========         Host Frame: ggml_tallocr_new [0x7ffc826d6968] in ggml-base.dll
=========         Host Frame: llama_set_nextn_layer_offset [0x7ffc219a68b9] in llama.dll
=========         Host Frame: llama_chat_builtin_templates [0x7ffc219a1026] in llama.dll
=========         Host Frame: llama_decode [0x7ffc219a914b] in llama.dll
=========         Host Frame: time [0x7ffb88220920] in llama-server-impl.dll
=========         Host Frame: time [0x7ffb88235dfe] in llama-server-impl.dll
=========         Host Frame: time [0x7ffb8827f5a5] in llama-server-impl.dll
=========         Host Frame: llama_server [0x7ffb8818cf5b] in llama-server-impl.dll
=========         Host Frame: std::thread::_Invoke<std::tuple<<lambda_3c4c967af51188f9751dc8f760a540d5> >,0> [0x7ffc2f566140] in llama-cli-impl.dll
=========         Host Frame: wcsrchr [0x7ffcb934cd30] in ucrtbase.dll
=========         Host Frame: BaseThreadInitThunk [0x7ffcb9c8ccb7] in KERNEL32.DLL
=========         Host Frame: RtlUserThreadStart [0x7ffcbbfcad6c] in ntdll.dll
========= 
========= Invalid __global__ write of size 4 bytes
=========     at void quantize_mmq_q8_1<(mmq_q8_1_ds_layout)0, (bool)1>(const float *, const int *, void *, long long, long long, long long, long long, long long, int, int, int)+0x800
=========     by thread (81,0,0) in block (55,0,0)
=========     Access to 0x19bd9b7694 is out of bounds
=========     and is 50,417,333,909 bytes after the nearest allocation at 0xe00600000 of size 2,097,152 bytes
=========     Saved host backtrace up to driver entry point at kernel launch time
=========         Host Frame: cuLaunchKernel [0x7ffc276fd9e8] in nvcuda64.dll
=========         Host Frame:  [0xdc5e] in nvcudart_hybrid64.dll
=========         Host Frame: _cudaGetProcAddress [0x7ffc204e4f73] in nvcudart_hybrid64.dll
=========         Host Frame: _cudaGetProcAddress [0x7ffc204a8121] in nvcudart_hybrid64.dll
=========         Host Frame: ggml_backend_is_cuda [0x7ffb3a91900a] in ggml-cuda.dll
=========         Host Frame: ggml_backend_is_cuda [0x7ffb3a0e8bfb] in ggml-cuda.dll
=========         Host Frame: ggml_backend_is_cuda [0x7ffb3a0ea082] in ggml-cuda.dll
=========         Host Frame: ggml_backend_is_cuda [0x7ffb3a01169f] in ggml-cuda.dll
=========         Host Frame:  [0x12ac88] in ggml-cuda.dll
=========         Host Frame:  [0x1271e5] in ggml-cuda.dll
=========         Host Frame:  [0x1288a3] in ggml-cuda.dll
=========         Host Frame:  [0x118224] in ggml-cuda.dll
=========         Host Frame: ggml_tallocr_new [0x7ffc826d6968] in ggml-base.dll
=========         Host Frame: llama_set_nextn_layer_offset [0x7ffc219a68b9] in llama.dll
=========         Host Frame: llama_chat_builtin_templates [0x7ffc219a1026] in llama.dll
=========         Host Frame: llama_decode [0x7ffc219a914b] in llama.dll
=========         Host Frame: time [0x7ffb88220920] in llama-server-impl.dll
=========         Host Frame: time [0x7ffb88235dfe] in llama-server-impl.dll
=========         Host Frame: time [0x7ffb8827f5a5] in llama-server-impl.dll
=========         Host Frame: llama_server [0x7ffb8818cf5b] in llama-server-impl.dll
=========         Host Frame: std::thread::_Invoke<std::tuple<<lambda_3c4c967af51188f9751dc8f760a540d5> >,0> [0x7ffc2f566140] in llama-cli-impl.dll
=========         Host Frame: wcsrchr [0x7ffcb934cd30] in ucrtbase.dll
=========         Host Frame: BaseThreadInitThunk [0x7ffcb9c8ccb7] in KERNEL32.DLL
=========         Host Frame: RtlUserThreadStart [0x7ffcbbfcad6c] in ntdll.dll
========= 
========= Invalid __global__ write of size 4 bytes
=========     at void quantize_mmq_q8_1<(mmq_q8_1_ds_layout)0, (bool)1>(const float *, const int *, void *, long long, long long, long long, long long, long long, int, int, int)+0x800
=========     by thread (82,0,0) in block (55,0,0)
=========     Access to 0x19bd9b7698 is out of bounds
=========     and is 50,417,333,913 bytes after the nearest allocation at 0xe00600000 of size 2,097,152 bytes
=========     Saved host backtrace up to driver entry point at kernel launch time
=========         Host Frame: cuLaunchKernel [0x7ffc276fd9e8] in nvcuda64.dll
=========         Host Frame:  [0xdc5e] in nvcudart_hybrid64.dll
=========         Host Frame: _cudaGetProcAddress [0x7ffc204e4f73] in nvcudart_hybrid64.dll
=========         Host Frame: _cudaGetProcAddress [0x7ffc204a8121] in nvcudart_hybrid64.dll
=========         Host Frame: ggml_backend_is_cuda [0x7ffb3a91900a] in ggml-cuda.dll
=========         Host Frame: ggml_backend_is_cuda [0x7ffb3a0e8bfb] in ggml-cuda.dll
=========         Host Frame: ggml_backend_is_cuda [0x7ffb3a0ea082] in ggml-cuda.dll
=========         Host Frame: ggml_backend_is_cuda [0x7ffb3a01169f] in ggml-cuda.dll
=========         Host Frame:  [0x12ac88] in ggml-cuda.dll
=========         Host Frame:  [0x1271e5] in ggml-cuda.dll
=========         Host Frame:  [0x1288a3] in ggml-cuda.dll
=========         Host Frame:  [0x118224] in ggml-cuda.dll
=========         Host Frame: ggml_tallocr_new [0x7ffc826d6968] in ggml-base.dll
=========         Host Frame: llama_set_nextn_layer_offset [0x7ffc219a68b9] in llama.dll
=========         Host Frame: llama_chat_builtin_templates [0x7ffc219a1026] in llama.dll
=========         Host Frame: llama_decode [0x7ffc219a914b] in llama.dll
=========         Host Frame: time [0x7ffb88220920] in llama-server-impl.dll
=========         Host Frame: time [0x7ffb88235dfe] in llama-server-impl.dll
=========         Host Frame: time [0x7ffb8827f5a5] in llama-server-impl.dll
=========         Host Frame: llama_server [0x7ffb8818cf5b] in llama-server-impl.dll
=========         Host Frame: std::thread::_Invoke<std::tuple<<lambda_3c4c967af51188f9751dc8f760a540d5> >,0> [0x7ffc2f566140] in llama-cli-impl.dll
=========         Host Frame: wcsrchr [0x7ffcb934cd30] in ucrtbase.dll
=========         Host Frame: BaseThreadInitThunk [0x7ffcb9c8ccb7] in KERNEL32.DLL
=========         Host Frame: RtlUserThreadStart [0x7ffcbbfcad6c] in ntdll.dll
========= 
========= Invalid __global__ write of size 4 bytes
=========     at void quantize_mmq_q8_1<(mmq_q8_1_ds_layout)0, (bool)1>(const float *, const int *, void *, long long, long long, long long, long long, long long, int, int, int)+0x800
=========     by thread (83,0,0) in block (55,0,0)
=========     Access to 0x19bd9b769c is out of bounds
=========     and is 50,417,333,917 bytes after the nearest allocation at 0xe00600000 of size 2,097,152 bytes
=========     Saved host backtrace up to driver entry point at kernel launch time
=========         Host Frame: cuLaunchKernel [0x7ffc276fd9e8] in nvcuda64.dll
=========         Host Frame:  [0xdc5e] in nvcudart_hybrid64.dll
=========         Host Frame: _cudaGetProcAddress [0x7ffc204e4f73] in nvcudart_hybrid64.dll
=========         Host Frame: _cudaGetProcAddress [0x7ffc204a8121] in nvcudart_hybrid64.dll
=========         Host Frame: ggml_backend_is_cuda [0x7ffb3a91900a] in ggml-cuda.dll
=========         Host Frame: ggml_backend_is_cuda [0x7ffb3a0e8bfb] in ggml-cuda.dll
=========         Host Frame: ggml_backend_is_cuda [0x7ffb3a0ea082] in ggml-cuda.dll
=========         Host Frame: ggml_backend_is_cuda [0x7ffb3a01169f] in ggml-cuda.dll
=========         Host Frame:  [0x12ac88] in ggml-cuda.dll
=========         Host Frame:  [0x1271e5] in ggml-cuda.dll
=========         Host Frame:  [0x1288a3] in ggml-cuda.dll
=========         Host Frame:  [0x118224] in ggml-cuda.dll
=========         Host Frame: ggml_tallocr_new [0x7ffc826d6968] in ggml-base.dll
=========         Host Frame: llama_set_nextn_layer_offset [0x7ffc219a68b9] in llama.dll
=========         Host Frame: llama_chat_builtin_templates [0x7ffc219a1026] in llama.dll
=========         Host Frame: llama_decode [0x7ffc219a914b] in llama.dll
=========         Host Frame: time [0x7ffb88220920] in llama-server-impl.dll
=========         Host Frame: time [0x7ffb88235dfe] in llama-server-impl.dll
=========         Host Frame: time [0x7ffb8827f5a5] in llama-server-impl.dll
=========         Host Frame: llama_server [0x7ffb8818cf5b] in llama-server-impl.dll
=========         Host Frame: std::thread::_Invoke<std::tuple<<lambda_3c4c967af51188f9751dc8f760a540d5> >,0> [0x7ffc2f566140] in llama-cli-impl.dll
=========         Host Frame: wcsrchr [0x7ffcb934cd30] in ucrtbase.dll
=========         Host Frame: BaseThreadInitThunk [0x7ffcb9c8ccb7] in KERNEL32.DLL
=========         Host Frame: RtlUserThreadStart [0x7ffcbbfcad6c] in ntdll.dll
========= 
========= Invalid __global__ write of size 4 bytes
=========     at void quantize_mmq_q8_1<(mmq_q8_1_ds_layout)0, (bool)1>(const float *, const int *, void *, long long, long long, long long, long long, long long, int, int, int)+0x800
=========     by thread (84,0,0) in block (55,0,0)
=========     Access to 0x19bd9b76a0 is out of bounds
=========     and is 50,417,333,921 bytes after the nearest allocation at 0xe00600000 of size 2,097,152 bytes
=========     Saved host backtrace up to driver entry point at kernel launch time
=========         Host Frame: cuLaunchKernel [0x7ffc276fd9e8] in nvcuda64.dll
=========         Host Frame:  [0xdc5e] in nvcudart_hybrid64.dll
=========         Host Frame: _cudaGetProcAddress [0x7ffc204e4f73] in nvcudart_hybrid64.dll
=========         Host Frame: _cudaGetProcAddress [0x7ffc204a8121] in nvcudart_hybrid64.dll
=========         Host Frame: ggml_backend_is_cuda [0x7ffb3a91900a] in ggml-cuda.dll
=========         Host Frame: ggml_backend_is_cuda [0x7ffb3a0e8bfb] in ggml-cuda.dll
=========         Host Frame: ggml_backend_is_cuda [0x7ffb3a0ea082] in ggml-cuda.dll
=========         Host Frame: ggml_backend_is_cuda [0x7ffb3a01169f] in ggml-cuda.dll
=========         Host Frame:  [0x12ac88] in ggml-cuda.dll
=========         Host Frame:  [0x1271e5] in ggml-cuda.dll
=========         Host Frame:  [0x1288a3] in ggml-cuda.dll
=========         Host Frame:  [0x118224] in ggml-cuda.dll
=========         Host Frame: ggml_tallocr_new [0x7ffc826d6968] in ggml-base.dll
=========         Host Frame: llama_set_nextn_layer_offset [0x7ffc219a68b9] in llama.dll
=========         Host Frame: llama_chat_builtin_templates [0x7ffc219a1026] in llama.dll
=========         Host Frame: llama_decode [0x7ffc219a914b] in llama.dll
=========         Host Frame: time [0x7ffb88220920] in llama-server-impl.dll
=========         Host Frame: time [0x7ffb88235dfe] in llama-server-impl.dll
=========         Host Frame: time [0x7ffb8827f5a5] in llama-server-impl.dll
=========         Host Frame: llama_server [0x7ffb8818cf5b] in llama-server-impl.dll
=========         Host Frame: std::thread::_Invoke<std::tuple<<lambda_3c4c967af51188f9751dc8f760a540d5> >,0> [0x7ffc2f566140] in llama-cli-impl.dll
=========         Host Frame: wcsrchr [0x7ffcb934cd30] in ucrtbase.dll
=========         Host Frame: BaseThreadInitThunk [0x7ffcb9c8ccb7] in KERNEL32.DLL
=========         Host Frame: RtlUserThreadStart [0x7ffcbbfcad6c] in ntdll.dll
========= 
========= Invalid __global__ write of size 4 bytes
=========     at void quantize_mmq_q8_1<(mmq_q8_1_ds_layout)0, (bool)1>(const float *, const int *, void *, long long, long long, long long, long long, long long, int, int, int)+0x800
=========     by thread (85,0,0) in block (55,0,0)
=========     Access to 0x19bd9b76a4 is out of bounds
=========     and is 50,417,333,925 bytes after the nearest allocation at 0xe00600000 of size 2,097,152 bytes
=========     Saved host backtrace up to driver entry point at kernel launch time
=========         Host Frame: cuLaunchKernel [0x7ffc276fd9e8] in nvcuda64.dll
=========         Host Frame:  [0xdc5e] in nvcudart_hybrid64.dll
=========         Host Frame: _cudaGetProcAddress [0x7ffc204e4f73] in nvcudart_hybrid64.dll
=========         Host Frame: _cudaGetProcAddress [0x7ffc204a8121] in nvcudart_hybrid64.dll
=========         Host Frame: ggml_backend_is_cuda [0x7ffb3a91900a] in ggml-cuda.dll
=========         Host Frame: ggml_backend_is_cuda [0x7ffb3a0e8bfb] in ggml-cuda.dll
=========         Host Frame: ggml_backend_is_cuda [0x7ffb3a0ea082] in ggml-cuda.dll
=========         Host Frame: ggml_backend_is_cuda [0x7ffb3a01169f] in ggml-cuda.dll
=========         Host Frame:  [0x12ac88] in ggml-cuda.dll
=========         Host Frame:  [0x1271e5] in ggml-cuda.dll
=========         Host Frame:  [0x1288a3] in ggml-cuda.dll
=========         Host Frame:  [0x118224] in ggml-cuda.dll
=========         Host Frame: ggml_tallocr_new [0x7ffc826d6968] in ggml-base.dll
=========         Host Frame: llama_set_nextn_layer_offset [0x7ffc219a68b9] in llama.dll
=========         Host Frame: llama_chat_builtin_templates [0x7ffc219a1026] in llama.dll
=========         Host Frame: llama_decode [0x7ffc219a914b] in llama.dll
=========         Host Frame: time [0x7ffb88220920] in llama-server-impl.dll
=========         Host Frame: time [0x7ffb88235dfe] in llama-server-impl.dll
=========         Host Frame: time [0x7ffb8827f5a5] in llama-server-impl.dll
=========         Host Frame: llama_server [0x7ffb8818cf5b] in llama-server-impl.dll
=========         Host Frame: std::thread::_Invoke<std::tuple<<lambda_3c4c967af51188f9751dc8f760a540d5> >,0> [0x7ffc2f566140] in llama-cli-impl.dll
=========         Host Frame: wcsrchr [0x7ffcb934cd30] in ucrtbase.dll
=========         Host Frame: BaseThreadInitThunk [0x7ffcb9c8ccb7] in KERNEL32.DLL
=========         Host Frame: RtlUserThreadStart [0x7ffcbbfcad6c] in ntdll.dll
========= 
========= Invalid __global__ write of size 4 bytes
=========     at void quantize_mmq_q8_1<(mmq_q8_1_ds_layout)0, (bool)1>(const float *, const int *, void *, long long, long long, long long, long long, long long, int, int, int)+0x800
=========     by thread (86,0,0) in block (55,0,0)
=========     Access to 0x19bd9b76a8 is out of bounds
=========     and is 50,417,333,929 bytes after the nearest allocation at 0xe00600000 of size 2,097,152 bytes
=========     Saved host backtrace up to driver entry point at kernel launch time
=========         Host Frame: cuLaunchKernel [0x7ffc276fd9e8] in nvcuda64.dll
=========         Host Frame:  [0xdc5e] in nvcudart_hybrid64.dll
=========         Host Frame: _cudaGetProcAddress [0x7ffc204e4f73] in nvcudart_hybrid64.dll
=========         Host Frame: _cudaGetProcAddress [0x7ffc204a8121] in nvcudart_hybrid64.dll
=========         Host Frame: ggml_backend_is_cuda [0x7ffb3a91900a] in ggml-cuda.dll
=========         Host Frame: ggml_backend_is_cuda [0x7ffb3a0e8bfb] in ggml-cuda.dll
=========         Host Frame: ggml_backend_is_cuda [0x7ffb3a0ea082] in ggml-cuda.dll
=========         Host Frame: ggml_backend_is_cuda [0x7ffb3a01169f] in ggml-cuda.dll
=========         Host Frame:  [0x12ac88] in ggml-cuda.dll
=========         Host Frame:  [0x1271e5] in ggml-cuda.dll
=========         Host Frame:  [0x1288a3] in ggml-cuda.dll
=========         Host Frame:  [0x118224] in ggml-cuda.dll
=========         Host Frame: ggml_tallocr_new [0x7ffc826d6968] in ggml-base.dll
=========         Host Frame: llama_set_nextn_layer_offset [0x7ffc219a68b9] in llama.dll
=========         Host Frame: llama_chat_builtin_templates [0x7ffc219a1026] in llama.dll
=========         Host Frame: llama_decode [0x7ffc219a914b] in llama.dll
=========         Host Frame: time [0x7ffb88220920] in llama-server-impl.dll
=========         Host Frame: time [0x7ffb88235dfe] in llama-server-impl.dll
=========         Host Frame: time [0x7ffb8827f5a5] in llama-server-impl.dll
=========         Host Frame: llama_server [0x7ffb8818cf5b] in llama-server-impl.dll
=========         Host Frame: std::thread::_Invoke<std::tuple<<lambda_3c4c967af51188f9751dc8f760a540d5> >,0> [0x7ffc2f566140] in llama-cli-impl.dll
=========         Host Frame: wcsrchr [0x7ffcb934cd30] in ucrtbase.dll
=========         Host Frame: BaseThreadInitThunk [0x7ffcb9c8ccb7] in KERNEL32.DLL
=========         Host Frame: RtlUserThreadStart [0x7ffcbbfcad6c] in ntdll.dll
========= 
========= Invalid __global__ write of size 4 bytes
=========     at void quantize_mmq_q8_1<(mmq_q8_1_ds_layout)0, (bool)1>(const float *, const int *, void *, long long, long long, long long, long long, long long, int, int, int)+0x800
=========     by thread (87,0,0) in block (55,0,0)
=========     Access to 0x19bd9b76ac is out of bounds
=========     and is 50,417,333,933 bytes after the nearest allocation at 0xe00600000 of size 2,097,152 bytes
=========     Saved host backtrace up to driver entry point at kernel launch time
=========         Host Frame: cuLaunchKernel [0x7ffc276fd9e8] in nvcuda64.dll
=========         Host Frame:  [0xdc5e] in nvcudart_hybrid64.dll
=========         Host Frame: _cudaGetProcAddress [0x7ffc204e4f73] in nvcudart_hybrid64.dll
=========         Host Frame: _cudaGetProcAddress [0x7ffc204a8121] in nvcudart_hybrid64.dll
=========         Host Frame: ggml_backend_is_cuda [0x7ffb3a91900a] in ggml-cuda.dll
=========         Host Frame: ggml_backend_is_cuda [0x7ffb3a0e8bfb] in ggml-cuda.dll
=========         Host Frame: ggml_backend_is_cuda [0x7ffb3a0ea082] in ggml-cuda.dll
=========         Host Frame: ggml_backend_is_cuda [0x7ffb3a01169f] in ggml-cuda.dll
=========         Host Frame:  [0x12ac88] in ggml-cuda.dll
=========         Host Frame:  [0x1271e5] in ggml-cuda.dll
=========         Host Frame:  [0x1288a3] in ggml-cuda.dll
=========         Host Frame:  [0x118224] in ggml-cuda.dll
=========         Host Frame: ggml_tallocr_new [0x7ffc826d6968] in ggml-base.dll
=========         Host Frame: llama_set_nextn_layer_offset [0x7ffc219a68b9] in llama.dll
=========         Host Frame: llama_chat_builtin_templates [0x7ffc219a1026] in llama.dll
=========         Host Frame: llama_decode [0x7ffc219a914b] in llama.dll
=========         Host Frame: time [0x7ffb88220920] in llama-server-impl.dll
=========         Host Frame: time [0x7ffb88235dfe] in llama-server-impl.dll
=========         Host Frame: time [0x7ffb8827f5a5] in llama-server-impl.dll
=========         Host Frame: llama_server [0x7ffb8818cf5b] in llama-server-impl.dll
=========         Host Frame: std::thread::_Invoke<std::tuple<<lambda_3c4c967af51188f9751dc8f760a540d5> >,0> [0x7ffc2f566140] in llama-cli-impl.dll
=========         Host Frame: wcsrchr [0x7ffcb934cd30] in ucrtbase.dll
=========         Host Frame: BaseThreadInitThunk [0x7ffcb9c8ccb7] in KERNEL32.DLL
=========         Host Frame: RtlUserThreadStart [0x7ffcbbfcad6c] in ntdll.dll
========= 
========= Invalid __global__ write of size 4 bytes
=========     at void quantize_mmq_q8_1<(mmq_q8_1_ds_layout)0, (bool)1>(const float *, const int *, void *, long long, long long, long long, long long, long long, int, int, int)+0x800
=========     by thread (88,0,0) in block (55,0,0)
=========     Access to 0x19bd9b76b0 is out of bounds
=========     and is 50,417,333,937 bytes after the nearest allocation at 0xe00600000 of size 2,097,152 bytes
=========     Saved host backtrace up to driver entry point at kernel launch time
=========         Host Frame: cuLaunchKernel [0x7ffc276fd9e8] in nvcuda64.dll
=========         Host Frame:  [0xdc5e] in nvcudart_hybrid64.dll
=========         Host Frame: _cudaGetProcAddress [0x7ffc204e4f73] in nvcudart_hybrid64.dll
=========         Host Frame: _cudaGetProcAddress [0x7ffc204a8121] in nvcudart_hybrid64.dll
=========         Host Frame: ggml_backend_is_cuda [0x7ffb3a91900a] in ggml-cuda.dll
=========         Host Frame: ggml_backend_is_cuda [0x7ffb3a0e8bfb] in ggml-cuda.dll
=========         Host Frame: ggml_backend_is_cuda [0x7ffb3a0ea082] in ggml-cuda.dll
=========         Host Frame: ggml_backend_is_cuda [0x7ffb3a01169f] in ggml-cuda.dll
=========         Host Frame:  [0x12ac88] in ggml-cuda.dll
=========         Host Frame:  [0x1271e5] in ggml-cuda.dll
=========         Host Frame:  [0x1288a3] in ggml-cuda.dll
=========         Host Frame:  [0x118224] in ggml-cuda.dll
=========         Host Frame: ggml_tallocr_new [0x7ffc826d6968] in ggml-base.dll
=========         Host Frame: llama_set_nextn_layer_offset [0x7ffc219a68b9] in llama.dll
=========         Host Frame: llama_chat_builtin_templates [0x7ffc219a1026] in llama.dll
=========         Host Frame: llama_decode [0x7ffc219a914b] in llama.dll
=========         Host Frame: time [0x7ffb88220920] in llama-server-impl.dll
=========         Host Frame: time [0x7ffb88235dfe] in llama-server-impl.dll
=========         Host Frame: time [0x7ffb8827f5a5] in llama-server-impl.dll
=========         Host Frame: llama_server [0x7ffb8818cf5b] in llama-server-impl.dll
=========         Host Frame: std::thread::_Invoke<std::tuple<<lambda_3c4c967af51188f9751dc8f760a540d5> >,0> [0x7ffc2f566140] in llama-cli-impl.dll
=========         Host Frame: wcsrchr [0x7ffcb934cd30] in ucrtbase.dll
=========         Host Frame: BaseThreadInitThunk [0x7ffcb9c8ccb7] in KERNEL32.DLL
=========         Host Frame: RtlUserThreadStart [0x7ffcbbfcad6c] in ntdll.dll
========= 
========= Invalid __global__ write of size 4 bytes
=========     at void quantize_mmq_q8_1<(mmq_q8_1_ds_layout)0, (bool)1>(const float *, const int *, void *, long long, long long, long long, long long, long long, int, int, int)+0x800
=========     by thread (89,0,0) in block (55,0,0)
=========     Access to 0x19bd9b76b4 is out of bounds
=========     and is 50,417,333,941 bytes after the nearest allocation at 0xe00600000 of size 2,097,152 bytes
=========     Saved host backtrace up to driver entry point at kernel launch time
=========         Host Frame: cuLaunchKernel [0x7ffc276fd9e8] in nvcuda64.dll
=========         Host Frame:  [0xdc5e] in nvcudart_hybrid64.dll
=========         Host Frame: _cudaGetProcAddress [0x7ffc204e4f73] in nvcudart_hybrid64.dll
=========         Host Frame: _cudaGetProcAddress [0x7ffc204a8121] in nvcudart_hybrid64.dll
=========         Host Frame: ggml_backend_is_cuda [0x7ffb3a91900a] in ggml-cuda.dll
=========         Host Frame: ggml_backend_is_cuda [0x7ffb3a0e8bfb] in ggml-cuda.dll
=========         Host Frame: ggml_backend_is_cuda [0x7ffb3a0ea082] in ggml-cuda.dll
=========         Host Frame: ggml_backend_is_cuda [0x7ffb3a01169f] in ggml-cuda.dll
=========         Host Frame:  [0x12ac88] in ggml-cuda.dll
=========         Host Frame:  [0x1271e5] in ggml-cuda.dll
=========         Host Frame:  [0x1288a3] in ggml-cuda.dll
=========         Host Frame:  [0x118224] in ggml-cuda.dll
=========         Host Frame: ggml_tallocr_new [0x7ffc826d6968] in ggml-base.dll
=========         Host Frame: llama_set_nextn_layer_offset [0x7ffc219a68b9] in llama.dll
=========         Host Frame: llama_chat_builtin_templates [0x7ffc219a1026] in llama.dll
=========         Host Frame: llama_decode [0x7ffc219a914b] in llama.dll
=========         Host Frame: time [0x7ffb88220920] in llama-server-impl.dll
=========         Host Frame: time [0x7ffb88235dfe] in llama-server-impl.dll
=========         Host Frame: time [0x7ffb8827f5a5] in llama-server-impl.dll
=========         Host Frame: llama_server [0x7ffb8818cf5b] in llama-server-impl.dll
=========         Host Frame: std::thread::_Invoke<std::tuple<<lambda_3c4c967af51188f9751dc8f760a540d5> >,0> [0x7ffc2f566140] in llama-cli-impl.dll
=========         Host Frame: wcsrchr [0x7ffcb934cd30] in ucrtbase.dll
=========         Host Frame: BaseThreadInitThunk [0x7ffcb9c8ccb7] in KERNEL32.DLL
=========         Host Frame: RtlUserThreadStart [0x7ffcbbfcad6c] in ntdll.dll
========= 
========= Invalid __global__ write of size 4 bytes
=========     at void quantize_mmq_q8_1<(mmq_q8_1_ds_layout)0, (bool)1>(const float *, const int *, void *, long long, long long, long long, long long, long long, int, int, int)+0x800
=========     by thread (90,0,0) in block (55,0,0)
=========     Access to 0x19bd9b76b8 is out of bounds
=========     and is 50,417,333,945 bytes after the nearest allocation at 0xe00600000 of size 2,097,152 bytes
=========     Saved host backtrace up to driver entry point at kernel launch time
=========         Host Frame: cuLaunchKernel [0x7ffc276fd9e8] in nvcuda64.dll
=========         Host Frame:  [0xdc5e] in nvcudart_hybrid64.dll
=========         Host Frame: _cudaGetProcAddress [0x7ffc204e4f73] in nvcudart_hybrid64.dll
=========         Host Frame: _cudaGetProcAddress [0x7ffc204a8121] in nvcudart_hybrid64.dll
=========         Host Frame: ggml_backend_is_cuda [0x7ffb3a91900a] in ggml-cuda.dll
=========         Host Frame: ggml_backend_is_cuda [0x7ffb3a0e8bfb] in ggml-cuda.dll
=========         Host Frame: ggml_backend_is_cuda [0x7ffb3a0ea082] in ggml-cuda.dll
=========         Host Frame: ggml_backend_is_cuda [0x7ffb3a01169f] in ggml-cuda.dll
=========         Host Frame:  [0x12ac88] in ggml-cuda.dll
=========         Host Frame:  [0x1271e5] in ggml-cuda.dll
=========         Host Frame:  [0x1288a3] in ggml-cuda.dll
=========         Host Frame:  [0x118224] in ggml-cuda.dll
=========         Host Frame: ggml_tallocr_new [0x7ffc826d6968] in ggml-base.dll
=========         Host Frame: llama_set_nextn_layer_offset [0x7ffc219a68b9] in llama.dll
=========         Host Frame: llama_chat_builtin_templates [0x7ffc219a1026] in llama.dll
=========         Host Frame: llama_decode [0x7ffc219a914b] in llama.dll
=========         Host Frame: time [0x7ffb88220920] in llama-server-impl.dll
=========         Host Frame: time [0x7ffb88235dfe] in llama-server-impl.dll
=========         Host Frame: time [0x7ffb8827f5a5] in llama-server-impl.dll
=========         Host Frame: llama_server [0x7ffb8818cf5b] in llama-server-impl.dll
=========         Host Frame: std::thread::_Invoke<std::tuple<<lambda_3c4c967af51188f9751dc8f760a540d5> >,0> [0x7ffc2f566140] in llama-cli-impl.dll
=========         Host Frame: wcsrchr [0x7ffcb934cd30] in ucrtbase.dll
=========         Host Frame: BaseThreadInitThunk [0x7ffcb9c8ccb7] in KERNEL32.DLL
=========         Host Frame: RtlUserThreadStart [0x7ffcbbfcad6c] in ntdll.dll
========= 
========= Invalid __global__ write of size 4 bytes
=========     at void quantize_mmq_q8_1<(mmq_q8_1_ds_layout)0, (bool)1>(const float *, const int *, void *, long long, long long, long long, long long, long long, int, int, int)+0x800
=========     by thread (91,0,0) in block (55,0,0)
=========     Access to 0x19bd9b76bc is out of bounds
=========     and is 50,417,333,949 bytes after the nearest allocation at 0xe00600000 of size 2,097,152 bytes
=========     Saved host backtrace up to driver entry point at kernel launch time
=========         Host Frame: cuLaunchKernel [0x7ffc276fd9e8] in nvcuda64.dll
=========         Host Frame:  [0xdc5e] in nvcudart_hybrid64.dll
=========         Host Frame: _cudaGetProcAddress [0x7ffc204e4f73] in nvcudart_hybrid64.dll
=========         Host Frame: _cudaGetProcAddress [0x7ffc204a8121] in nvcudart_hybrid64.dll
=========         Host Frame: ggml_backend_is_cuda [0x7ffb3a91900a] in ggml-cuda.dll
=========         Host Frame: ggml_backend_is_cuda [0x7ffb3a0e8bfb] in ggml-cuda.dll
=========         Host Frame: ggml_backend_is_cuda [0x7ffb3a0ea082] in ggml-cuda.dll
=========         Host Frame: ggml_backend_is_cuda [0x7ffb3a01169f] in ggml-cuda.dll
=========         Host Frame:  [0x12ac88] in ggml-cuda.dll
=========         Host Frame:  [0x1271e5] in ggml-cuda.dll
=========         Host Frame:  [0x1288a3] in ggml-cuda.dll
=========         Host Frame:  [0x118224] in ggml-cuda.dll
=========         Host Frame: ggml_tallocr_new [0x7ffc826d6968] in ggml-base.dll
=========         Host Frame: llama_set_nextn_layer_offset [0x7ffc219a68b9] in llama.dll
=========         Host Frame: llama_chat_builtin_templates [0x7ffc219a1026] in llama.dll
=========         Host Frame: llama_decode [0x7ffc219a914b] in llama.dll
=========         Host Frame: time [0x7ffb88220920] in llama-server-impl.dll
=========         Host Frame: time [0x7ffb88235dfe] in llama-server-impl.dll
=========         Host Frame: time [0x7ffb8827f5a5] in llama-server-impl.dll
=========         Host Frame: llama_server [0x7ffb8818cf5b] in llama-server-impl.dll
=========         Host Frame: std::thread::_Invoke<std::tuple<<lambda_3c4c967af51188f9751dc8f760a540d5> >,0> [0x7ffc2f566140] in llama-cli-impl.dll
=========         Host Frame: wcsrchr [0x7ffcb934cd30] in ucrtbase.dll
=========         Host Frame: BaseThreadInitThunk [0x7ffcb9c8ccb7] in KERNEL32.DLL
=========         Host Frame: RtlUserThreadStart [0x7ffcbbfcad6c] in ntdll.dll
========= 
========= Invalid __global__ write of size 4 bytes
=========     at void quantize_mmq_q8_1<(mmq_q8_1_ds_layout)0, (bool)1>(const float *, const int *, void *, long long, long long, long long, long long, long long, int, int, int)+0x800
=========     by thread (92,0,0) in block (55,0,0)
=========     Access to 0x19bd9b76c0 is out of bounds
=========     and is 50,417,333,953 bytes after the nearest allocation at 0xe00600000 of size 2,097,152 bytes
=========     Saved host backtrace up to driver entry point at kernel launch time
=========         Host Frame: cuLaunchKernel [0x7ffc276fd9e8] in nvcuda64.dll
=========         Host Frame:  [0xdc5e] in nvcudart_hybrid64.dll
=========         Host Frame: _cudaGetProcAddress [0x7ffc204e4f73] in nvcudart_hybrid64.dll
=========         Host Frame: _cudaGetProcAddress [0x7ffc204a8121] in nvcudart_hybrid64.dll
=========         Host Frame: ggml_backend_is_cuda [0x7ffb3a91900a] in ggml-cuda.dll
=========         Host Frame: ggml_backend_is_cuda [0x7ffb3a0e8bfb] in ggml-cuda.dll
=========         Host Frame: ggml_backend_is_cuda [0x7ffb3a0ea082] in ggml-cuda.dll
=========         Host Frame: ggml_backend_is_cuda [0x7ffb3a01169f] in ggml-cuda.dll
=========         Host Frame:  [0x12ac88] in ggml-cuda.dll
=========         Host Frame:  [0x1271e5] in ggml-cuda.dll
=========         Host Frame:  [0x1288a3] in ggml-cuda.dll
=========         Host Frame:  [0x118224] in ggml-cuda.dll
=========         Host Frame: ggml_tallocr_new [0x7ffc826d6968] in ggml-base.dll
=========         Host Frame: llama_set_nextn_layer_offset [0x7ffc219a68b9] in llama.dll
=========         Host Frame: llama_chat_builtin_templates [0x7ffc219a1026] in llama.dll
=========         Host Frame: llama_decode [0x7ffc219a914b] in llama.dll
=========         Host Frame: time [0x7ffb88220920] in llama-server-impl.dll
=========         Host Frame: time [0x7ffb88235dfe] in llama-server-impl.dll
=========         Host Frame: time [0x7ffb8827f5a5] in llama-server-impl.dll
=========         Host Frame: llama_server [0x7ffb8818cf5b] in llama-server-impl.dll
=========         Host Frame: std::thread::_Invoke<std::tuple<<lambda_3c4c967af51188f9751dc8f760a540d5> >,0> [0x7ffc2f566140] in llama-cli-impl.dll
=========         Host Frame: wcsrchr [0x7ffcb934cd30] in ucrtbase.dll
=========         Host Frame: BaseThreadInitThunk [0x7ffcb9c8ccb7] in KERNEL32.DLL
=========         Host Frame: RtlUserThreadStart [0x7ffcbbfcad6c] in ntdll.dll
========= 
========= Invalid __global__ write of size 4 bytes
=========     at void quantize_mmq_q8_1<(mmq_q8_1_ds_layout)0, (bool)1>(const float *, const int *, void *, long long, long long, long long, long long, long long, int, int, int)+0x800
=========     by thread (93,0,0) in block (55,0,0)
=========     Access to 0x19bd9b76c4 is out of bounds
=========     and is 50,417,333,957 bytes after the nearest allocation at 0xe00600000 of size 2,097,152 bytes
=========     Saved host backtrace up to driver entry point at kernel launch time
=========         Host Frame: cuLaunchKernel [0x7ffc276fd9e8] in nvcuda64.dll
=========         Host Frame:  [0xdc5e] in nvcudart_hybrid64.dll
=========         Host Frame: _cudaGetProcAddress [0x7ffc204e4f73] in nvcudart_hybrid64.dll
=========         Host Frame: _cudaGetProcAddress [0x7ffc204a8121] in nvcudart_hybrid64.dll
=========         Host Frame: ggml_backend_is_cuda [0x7ffb3a91900a] in ggml-cuda.dll
=========         Host Frame: ggml_backend_is_cuda [0x7ffb3a0e8bfb] in ggml-cuda.dll
=========         Host Frame: ggml_backend_is_cuda [0x7ffb3a0ea082] in ggml-cuda.dll
=========         Host Frame: ggml_backend_is_cuda [0x7ffb3a01169f] in ggml-cuda.dll
=========         Host Frame:  [0x12ac88] in ggml-cuda.dll
=========         Host Frame:  [0x1271e5] in ggml-cuda.dll
=========         Host Frame:  [0x1288a3] in ggml-cuda.dll
=========         Host Frame:  [0x118224] in ggml-cuda.dll
=========         Host Frame: ggml_tallocr_new [0x7ffc826d6968] in ggml-base.dll
=========         Host Frame: llama_set_nextn_layer_offset [0x7ffc219a68b9] in llama.dll
=========         Host Frame: llama_chat_builtin_templates [0x7ffc219a1026] in llama.dll
=========         Host Frame: llama_decode [0x7ffc219a914b] in llama.dll
=========         Host Frame: time [0x7ffb88220920] in llama-server-impl.dll
=========         Host Frame: time [0x7ffb88235dfe] in llama-server-impl.dll
=========         Host Frame: time [0x7ffb8827f5a5] in llama-server-impl.dll
=========         Host Frame: llama_server [0x7ffb8818cf5b] in llama-server-impl.dll
=========         Host Frame: std::thread::_Invoke<std::tuple<<lambda_3c4c967af51188f9751dc8f760a540d5> >,0> [0x7ffc2f566140] in llama-cli-impl.dll
=========         Host Frame: wcsrchr [0x7ffcb934cd30] in ucrtbase.dll
=========         Host Frame: BaseThreadInitThunk [0x7ffcb9c8ccb7] in KERNEL32.DLL
=========         Host Frame: RtlUserThreadStart [0x7ffcbbfcad6c] in ntdll.dll
========= 
========= Invalid __global__ write of size 4 bytes
=========     at void quantize_mmq_q8_1<(mmq_q8_1_ds_layout)0, (bool)1>(const float *, const int *, void *, long long, long long, long long, long long, long long, int, int, int)+0x800
=========     by thread (94,0,0) in block (55,0,0)
=========     Access to 0x19bd9b76c8 is out of bounds
=========     and is 50,417,333,961 bytes after the nearest allocation at 0xe00600000 of size 2,097,152 bytes
=========     Saved host backtrace up to driver entry point at kernel launch time
=========         Host Frame: cuLaunchKernel [0x7ffc276fd9e8] in nvcuda64.dll
=========         Host Frame:  [0xdc5e] in nvcudart_hybrid64.dll
=========         Host Frame: _cudaGetProcAddress [0x7ffc204e4f73] in nvcudart_hybrid64.dll
=========         Host Frame: _cudaGetProcAddress [0x7ffc204a8121] in nvcudart_hybrid64.dll
=========         Host Frame: ggml_backend_is_cuda [0x7ffb3a91900a] in ggml-cuda.dll
=========         Host Frame: ggml_backend_is_cuda [0x7ffb3a0e8bfb] in ggml-cuda.dll
=========         Host Frame: ggml_backend_is_cuda [0x7ffb3a0ea082] in ggml-cuda.dll
=========         Host Frame: ggml_backend_is_cuda [0x7ffb3a01169f] in ggml-cuda.dll
=========         Host Frame:  [0x12ac88] in ggml-cuda.dll
=========         Host Frame:  [0x1271e5] in ggml-cuda.dll
=========         Host Frame:  [0x1288a3] in ggml-cuda.dll
=========         Host Frame:  [0x118224] in ggml-cuda.dll
=========         Host Frame: ggml_tallocr_new [0x7ffc826d6968] in ggml-base.dll
=========         Host Frame: llama_set_nextn_layer_offset [0x7ffc219a68b9] in llama.dll
=========         Host Frame: llama_chat_builtin_templates [0x7ffc219a1026] in llama.dll
=========         Host Frame: llama_decode [0x7ffc219a914b] in llama.dll
=========         Host Frame: time [0x7ffb88220920] in llama-server-impl.dll
=========         Host Frame: time [0x7ffb88235dfe] in llama-server-impl.dll
=========         Host Frame: time [0x7ffb8827f5a5] in llama-server-impl.dll
=========         Host Frame: llama_server [0x7ffb8818cf5b] in llama-server-impl.dll
=========         Host Frame: std::thread::_Invoke<std::tuple<<lambda_3c4c967af51188f9751dc8f760a540d5> >,0> [0x7ffc2f566140] in llama-cli-impl.dll
=========         Host Frame: wcsrchr [0x7ffcb934cd30] in ucrtbase.dll
=========         Host Frame: BaseThreadInitThunk [0x7ffcb9c8ccb7] in KERNEL32.DLL
=========         Host Frame: RtlUserThreadStart [0x7ffcbbfcad6c] in ntdll.dll
========= 
========= Invalid __global__ write of size 4 bytes
=========     at void quantize_mmq_q8_1<(mmq_q8_1_ds_layout)0, (bool)1>(const float *, const int *, void *, long long, long long, long long, long long, long long, int, int, int)+0x800
=========     by thread (95,0,0) in block (55,0,0)
=========     Access to 0x19bd9b76cc is out of bounds
=========     and is 50,417,333,965 bytes after the nearest allocation at 0xe00600000 of size 2,097,152 bytes
=========     Saved host backtrace up to driver entry point at kernel launch time
=========         Host Frame: cuLaunchKernel [0x7ffc276fd9e8] in nvcuda64.dll
=========         Host Frame:  [0xdc5e] in nvcudart_hybrid64.dll
=========         Host Frame: _cudaGetProcAddress [0x7ffc204e4f73] in nvcudart_hybrid64.dll
=========         Host Frame: _cudaGetProcAddress [0x7ffc204a8121] in nvcudart_hybrid64.dll
=========         Host Frame: ggml_backend_is_cuda [0x7ffb3a91900a] in ggml-cuda.dll
=========         Host Frame: ggml_backend_is_cuda [0x7ffb3a0e8bfb] in ggml-cuda.dll
=========         Host Frame: ggml_backend_is_cuda [0x7ffb3a0ea082] in ggml-cuda.dll
=========         Host Frame: ggml_backend_is_cuda [0x7ffb3a01169f] in ggml-cuda.dll
=========         Host Frame:  [0x12ac88] in ggml-cuda.dll
=========         Host Frame:  [0x1271e5] in ggml-cuda.dll
=========         Host Frame:  [0x1288a3] in ggml-cuda.dll
=========         Host Frame:  [0x118224] in ggml-cuda.dll
=========         Host Frame: ggml_tallocr_new [0x7ffc826d6968] in ggml-base.dll
=========         Host Frame: llama_set_nextn_layer_offset [0x7ffc219a68b9] in llama.dll
=========         Host Frame: llama_chat_builtin_templates [0x7ffc219a1026] in llama.dll
=========         Host Frame: llama_decode [0x7ffc219a914b] in llama.dll
=========         Host Frame: time [0x7ffb88220920] in llama-server-impl.dll
=========         Host Frame: time [0x7ffb88235dfe] in llama-server-impl.dll
=========         Host Frame: time [0x7ffb8827f5a5] in llama-server-impl.dll
=========         Host Frame: llama_server [0x7ffb8818cf5b] in llama-server-impl.dll
=========         Host Frame: std::thread::_Invoke<std::tuple<<lambda_3c4c967af51188f9751dc8f760a540d5> >,0> [0x7ffc2f566140] in llama-cli-impl.dll
=========         Host Frame: wcsrchr [0x7ffcb934cd30] in ucrtbase.dll
=========         Host Frame: BaseThreadInitThunk [0x7ffcb9c8ccb7] in KERNEL32.DLL
=========         Host Frame: RtlUserThreadStart [0x7ffcbbfcad6c] in ntdll.dll
========= 
========= Invalid __global__ write of size 4 bytes
=========     at void quantize_mmq_q8_1<(mmq_q8_1_ds_layout)0, (bool)1>(const float *, const int *, void *, long long, long long, long long, long long, long long, int, int, int)+0x800
=========     by thread (96,0,0) in block (30,2,0)
=========     Access to 0x2fb4c8f440 is out of bounds
=========     and is 144,758,600,769 bytes after the nearest allocation at 0xe00600000 of size 2,097,152 bytes
=========     Saved host backtrace up to driver entry point at kernel launch time
=========         Host Frame: cuLaunchKernel [0x7ffc276fd9e8] in nvcuda64.dll
=========         Host Frame:  [0xdc5e] in nvcudart_hybrid64.dll
=========         Host Frame: _cudaGetProcAddress [0x7ffc204e4f73] in nvcudart_hybrid64.dll
=========         Host Frame: _cudaGetProcAddress [0x7ffc204a8121] in nvcudart_hybrid64.dll
=========         Host Frame: ggml_backend_is_cuda [0x7ffb3a91900a] in ggml-cuda.dll
=========         Host Frame: ggml_backend_is_cuda [0x7ffb3a0e8bfb] in ggml-cuda.dll
=========         Host Frame: ggml_backend_is_cuda [0x7ffb3a0ea082] in ggml-cuda.dll
=========         Host Frame: ggml_backend_is_cuda [0x7ffb3a01169f] in ggml-cuda.dll
=========         Host Frame:  [0x12ac88] in ggml-cuda.dll
=========         Host Frame:  [0x1271e5] in ggml-cuda.dll
=========         Host Frame:  [0x1288a3] in ggml-cuda.dll
=========         Host Frame:  [0x118224] in ggml-cuda.dll
=========         Host Frame: ggml_tallocr_new [0x7ffc826d6968] in ggml-base.dll
=========         Host Frame: llama_set_nextn_layer_offset [0x7ffc219a68b9] in llama.dll
=========         Host Frame: llama_chat_builtin_templates [0x7ffc219a1026] in llama.dll
=========         Host Frame: llama_decode [0x7ffc219a914b] in llama.dll
=========         Host Frame: time [0x7ffb88220920] in llama-server-impl.dll
=========         Host Frame: time [0x7ffb88235dfe] in llama-server-impl.dll
=========         Host Frame: time [0x7ffb8827f5a5] in llama-server-impl.dll
=========         Host Frame: llama_server [0x7ffb8818cf5b] in llama-server-impl.dll
=========         Host Frame: std::thread::_Invoke<std::tuple<<lambda_3c4c967af51188f9751dc8f760a540d5> >,0> [0x7ffc2f566140] in llama-cli-impl.dll
=========         Host Frame: wcsrchr [0x7ffcb934cd30] in ucrtbase.dll
=========         Host Frame: BaseThreadInitThunk [0x7ffcb9c8ccb7] in KERNEL32.DLL
=========         Host Frame: RtlUserThreadStart [0x7ffcbbfcad6c] in ntdll.dll
========= 
========= Invalid __global__ write of size 4 bytes
=========     at void quantize_mmq_q8_1<(mmq_q8_1_ds_layout)0, (bool)1>(const float *, const int *, void *, long long, long long, long long, long long, long long, int, int, int)+0x800
=========     by thread (97,0,0) in block (30,2,0)
=========     Access to 0x2fb4c8f444 is out of bounds
=========     and is 144,758,600,773 bytes after the nearest allocation at 0xe00600000 of size 2,097,152 bytes
=========     Saved host backtrace up to driver entry point at kernel launch time
=========         Host Frame: cuLaunchKernel [0x7ffc276fd9e8] in nvcuda64.dll
=========         Host Frame:  [0xdc5e] in nvcudart_hybrid64.dll
=========         Host Frame: _cudaGetProcAddress [0x7ffc204e4f73] in nvcudart_hybrid64.dll
=========         Host Frame: _cudaGetProcAddress [0x7ffc204a8121] in nvcudart_hybrid64.dll
=========         Host Frame: ggml_backend_is_cuda [0x7ffb3a91900a] in ggml-cuda.dll
=========         Host Frame: ggml_backend_is_cuda [0x7ffb3a0e8bfb] in ggml-cuda.dll
=========         Host Frame: ggml_backend_is_cuda [0x7ffb3a0ea082] in ggml-cuda.dll
=========         Host Frame: ggml_backend_is_cuda [0x7ffb3a01169f] in ggml-cuda.dll
=========         Host Frame:  [0x12ac88] in ggml-cuda.dll
=========         Host Frame:  [0x1271e5] in ggml-cuda.dll
=========         Host Frame:  [0x1288a3] in ggml-cuda.dll
=========         Host Frame:  [0x118224] in ggml-cuda.dll
=========         Host Frame: ggml_tallocr_new [0x7ffc826d6968] in ggml-base.dll
=========         Host Frame: llama_set_nextn_layer_offset [0x7ffc219a68b9] in llama.dll
=========         Host Frame: llama_chat_builtin_templates [0x7ffc219a1026] in llama.dll
=========         Host Frame: llama_decode [0x7ffc219a914b] in llama.dll
=========         Host Frame: time [0x7ffb88220920] in llama-server-impl.dll
=========         Host Frame: time [0x7ffb88235dfe] in llama-server-impl.dll
=========         Host Frame: time [0x7ffb8827f5a5] in llama-server-impl.dll
=========         Host Frame: llama_server [0x7ffb8818cf5b] in llama-server-impl.dll
=========         Host Frame: std::thread::_Invoke<std::tuple<<lambda_3c4c967af51188f9751dc8f760a540d5> >,0> [0x7ffc2f566140] in llama-cli-impl.dll
=========         Host Frame: wcsrchr [0x7ffcb934cd30] in ucrtbase.dll
=========         Host Frame: BaseThreadInitThunk [0x7ffcb9c8ccb7] in KERNEL32.DLL
=========         Host Frame: RtlUserThreadStart [0x7ffcbbfcad6c] in ntdll.dll
========= 
========= Invalid __global__ write of size 4 bytes
=========     at void quantize_mmq_q8_1<(mmq_q8_1_ds_layout)0, (bool)1>(const float *, const int *, void *, long long, long long, long long, long long, long long, int, int, int)+0x800
=========     by thread (98,0,0) in block (30,2,0)
=========     Access to 0x2fb4c8f448 is out of bounds
=========     and is 144,758,600,777 bytes after the nearest allocation at 0xe00600000 of size 2,097,152 bytes
=========     Saved host backtrace up to driver entry point at kernel launch time
=========         Host Frame: cuLaunchKernel [0x7ffc276fd9e8] in nvcuda64.dll
=========         Host Frame:  [0xdc5e] in nvcudart_hybrid64.dll
=========         Host Frame: _cudaGetProcAddress [0x7ffc204e4f73] in nvcudart_hybrid64.dll
=========         Host Frame: _cudaGetProcAddress [0x7ffc204a8121] in nvcudart_hybrid64.dll
=========         Host Frame: ggml_backend_is_cuda [0x7ffb3a91900a] in ggml-cuda.dll
=========         Host Frame: ggml_backend_is_cuda [0x7ffb3a0e8bfb] in ggml-cuda.dll
=========         Host Frame: ggml_backend_is_cuda [0x7ffb3a0ea082] in ggml-cuda.dll
=========         Host Frame: ggml_backend_is_cuda [0x7ffb3a01169f] in ggml-cuda.dll
=========         Host Frame:  [0x12ac88] in ggml-cuda.dll
=========         Host Frame:  [0x1271e5] in ggml-cuda.dll
=========         Host Frame:  [0x1288a3] in ggml-cuda.dll
=========         Host Frame:  [0x118224] in ggml-cuda.dll
=========         Host Frame: ggml_tallocr_new [0x7ffc826d6968] in ggml-base.dll
=========         Host Frame: llama_set_nextn_layer_offset [0x7ffc219a68b9] in llama.dll
=========         Host Frame: llama_chat_builtin_templates [0x7ffc219a1026] in llama.dll
=========         Host Frame: llama_decode [0x7ffc219a914b] in llama.dll
=========         Host Frame: time [0x7ffb88220920] in llama-server-impl.dll
=========         Host Frame: time [0x7ffb88235dfe] in llama-server-impl.dll
=========         Host Frame: time [0x7ffb8827f5a5] in llama-server-impl.dll
=========         Host Frame: llama_server [0x7ffb8818cf5b] in llama-server-impl.dll
=========         Host Frame: std::thread::_Invoke<std::tuple<<lambda_3c4c967af51188f9751dc8f760a540d5> >,0> [0x7ffc2f566140] in llama-cli-impl.dll
=========         Host Frame: wcsrchr [0x7ffcb934cd30] in ucrtbase.dll
=========         Host Frame: BaseThreadInitThunk [0x7ffcb9c8ccb7] in KERNEL32.DLL
=========         Host Frame: RtlUserThreadStart [0x7ffcbbfcad6c] in ntdll.dll
========= 
========= Invalid __global__ write of size 4 bytes
=========     at void quantize_mmq_q8_1<(mmq_q8_1_ds_layout)0, (bool)1>(const float *, const int *, void *, long long, long long, long long, long long, long long, int, int, int)+0x800
=========     by thread (99,0,0) in block (30,2,0)
=========     Access to 0x2fb4c8f44c is out of bounds
=========     and is 144,758,600,781 bytes after the nearest allocation at 0xe00600000 of size 2,097,152 bytes
=========     Saved host backtrace up to driver entry point at kernel launch time
=========         Host Frame: cuLaunchKernel [0x7ffc276fd9e8] in nvcuda64.dll
=========         Host Frame:  [0xdc5e] in nvcudart_hybrid64.dll
=========         Host Frame: _cudaGetProcAddress [0x7ffc204e4f73] in nvcudart_hybrid64.dll
=========         Host Frame: _cudaGetProcAddress [0x7ffc204a8121] in nvcudart_hybrid64.dll
=========         Host Frame: ggml_backend_is_cuda [0x7ffb3a91900a] in ggml-cuda.dll
=========         Host Frame: ggml_backend_is_cuda [0x7ffb3a0e8bfb] in ggml-cuda.dll
=========         Host Frame: ggml_backend_is_cuda [0x7ffb3a0ea082] in ggml-cuda.dll
=========         Host Frame: ggml_backend_is_cuda [0x7ffb3a01169f] in ggml-cuda.dll
=========         Host Frame:  [0x12ac88] in ggml-cuda.dll
=========         Host Frame:  [0x1271e5] in ggml-cuda.dll
=========         Host Frame:  [0x1288a3] in ggml-cuda.dll
=========         Host Frame:  [0x118224] in ggml-cuda.dll
=========         Host Frame: ggml_tallocr_new [0x7ffc826d6968] in ggml-base.dll
=========         Host Frame: llama_set_nextn_layer_offset [0x7ffc219a68b9] in llama.dll
=========         Host Frame: llama_chat_builtin_templates [0x7ffc219a1026] in llama.dll
=========         Host Frame: llama_decode [0x7ffc219a914b] in llama.dll
=========         Host Frame: time [0x7ffb88220920] in llama-server-impl.dll
=========         Host Frame: time [0x7ffb88235dfe] in llama-server-impl.dll
=========         Host Frame: time [0x7ffb8827f5a5] in llama-server-impl.dll
=========         Host Frame: llama_server [0x7ffb8818cf5b] in llama-server-impl.dll
=========         Host Frame: std::thread::_Invoke<std::tuple<<lambda_3c4c967af51188f9751dc8f760a540d5> >,0> [0x7ffc2f566140] in llama-cli-impl.dll
=========         Host Frame: wcsrchr [0x7ffcb934cd30] in ucrtbase.dll
=========         Host Frame: BaseThreadInitThunk [0x7ffcb9c8ccb7] in KERNEL32.DLL
=========         Host Frame: RtlUserThreadStart [0x7ffcbbfcad6c] in ntdll.dll
========= 
========= Target application returned an error
========= ERROR SUMMARY: 3232 errors
========= ERROR SUMMARY: 3132 errors were not printed. Use --print-limit option to adjust the number of printed errors
